"id","data","endereco","bairro","fonte","nome","url","dom_geo","cluster","x","y","classe_potencial_construtivo","potencial_construtivo","renda","dist_via_principal","dist_via_secundaria","dist_polo_padrao","dist_polo_valoriz","dist_polo_desvaloriz","area","precounit","preco","wkt_the_geom"
13654643,"2022-07-12","Rua Professor Euclides","SAO PEDRO","internet","Julio imoveis",NULL,"Dom_Geo_01",2,704072.06,7003006.22,"Baixo Potencial",0,1055.72,2670.29,908.07,6.62,479.11,1303.12,900000,0.27,240000,"POINT(704072.0590893294 7003006.217228333)"
13697870,"2022-07-15","Rua jose jacinto cardeal - Bairro Cedrinho",NULL,"internet","GOLDINVEST","https://www.goldinvestimoveis.com.br/detalhes_imovel/3308/terreno-no-bairro-cedrinho-brusque-venda-RS1099000",NULL,3,705282.48,6993944.05,"Baixo Potencial",0,1169.35,2252.33,2003.48,90.08,3148.98,1624.52,65000,16.91,1099000,"POINT(705282.4802764948 6993944.04875335)"
13709296,"2022-07-18","Rua Joao Victorio Benvenutti","LIMEIRA BAIXA","internet","GOLDINVEST","https://www.goldinvestimoveis.com.br/detalhes_imovel/4213/terreno-no-bairro-limeira-baixa-brusque-venda-RS2700000","Dom_Geo_03",4,711173.36,7002568.64,"Baixo Potencial",0,1218.29,1802.88,1918.01,219.85,2326.16,139.12,150473,17.94,2700000,"POINT(711173.3649607422 7002568.636714334)"
13682442,"2022-07-13","Rua Felicita Becker","SOUZA CRUZ","internet","Julio imoveis",NULL,"Dom_Geo_03",3,705036.49,6998248.31,"Baixo Potencial",0,1419.2,2245.96,452.37,504.76,674.33,399.38,171000,18.71,3200000,"POINT(705036.4866293843 6998248.305967286)"
13697436,"2022-07-14","Rua Jose jacinto cardeal",NULL,"internet","Moresco","https://imobiliariamoresco.com.br/imovel/4252/terreno-a-venda-zantao--brusque-sc",NULL,3,705961.36,6993583.58,"Baixo Potencial",0,1193.56,1606.47,1969.34,768.25,2672.26,2211.94,50000,22.00,1100000,"POINT(705961.3566147095 6993583.577732138)"
13731002,"2022-07-25","Rua santa cruz","AGUAS CLARAS","internet","Teresinho Baron","https://www.teresinhabaron.com.br/venda/1434/Bairro-Aguas-Claras","Dom_Geo_03",3,706790.06,6995695.56,"Baixo Potencial",0,1324.89,1333.03,150.33,224.99,1647.13,967.39,21833,25.19,550000,"POINT(706790.060939128 6995695.558348527)"
13735304,"2022-07-26","Rua Jose jacinto cardeal",NULL,"internet","LB","http://www.lbimoveis.com/site/detalhes_imovel/688/terreno-bairro-cedrinho-cedrinho-brusque-terreno-bairro-cedrinho",NULL,3,705510.84,6993920.45,"Baixo Potencial",0,1186.3,2023.86,1881.37,318.39,2940.77,1833.52,4324.35,32.37,140000,"POINT(705510.8423151178 6993920.453772839)"
13723951,"2022-07-21","Rua Manoel Assino","LIMEIRA BAIXA","internet","Jorge Floriani","https://www.jorgefloriani.com.br/imovel/comprar/terreno/brusque/limeira-baixa/2457","Dom_Geo_03",4,711150.86,7003848.55,"Baixo Potencial",0,1337.66,1037.30,1119.16,395.54,1381.62,1363.54,6851,39.41,270000,"POINT(711150.8571495577 7003848.55175055)"
13735274,"2022-07-26","Rua Poco fundo","PRIMEIRO DE MAIO","internet","Brusimoveis","https://www.brusimoveis.com.br/detalhes_imovel/144/terreno-no-bairro-primeiro-de-maio-brusque-venda-RS1100000","Dom_Geo_03",3,708613.44,6997717.23,"Baixo Potencial",0,1371.24,296.51,1810.54,780.34,1226.85,1596.35,27087.95,40.61,1100000,"POINT(708613.4379521905 6997717.227188063)"
13750683,"2022-07-27","Rua Gabriel Sieg","GUARANI","internet","WD","https://www.wdinvestimentos.com.br/imovel/terrenos-no-bairro-guarani-brusque-venda-RS1000000/932","Dom_Geo_01",2,703186.96,7000921.84,"Baixo Potencial",0,1461.36,3312.37,245.29,246.12,2439.26,2524.04,24428,40.94,1000000,"POINT(703186.9634546052 7000921.844134485)"
13677640,"2022-07-13","Res. Porto Rico","SAO PEDRO","internet","Julio imoveis",NULL,"Dom_Geo_01",2,706060.65,7002936.56,"Baixo Potencial",0,1771.33,764.44,366.67,1,72.11,1033.88,11000,44.55,490000,"POINT(706060.65144619 7002936.560360778)"
13750621,"2022-07-27","Rua Olivia Hodecker","DOM JOAQUIM","internet","Hoffmann","https://www.imobiliariahoffmann.com.br/imovel/581/terreno-em-brusque-no-bairro-dom-joaquim/","Dom_Geo_03",0,700643.00,6995386.87,"Baixo Potencial",0,1362.92,7037.67,280.20,918.14,2091.85,1571.20,10645,45.09,480000,"POINT(700643.0039800673 6995386.866238477)"
13697595,"2022-07-14","Rua Edgar Von Buettner","BATEAS","internet","Moresco","https://imobiliariamoresco.com.br/imovel/2271/terreno-a-venda-bateas--brusque-sc","Dom_Geo_01",1,707877.07,7005056.02,"Baixo Potencial",0,1154.64,944.01,1190.43,153.78,1722.27,814.77,31178,46.51,1450000,"POINT(707877.0702254493 7005056.023213798)"
13731858,"2022-07-25","Rua Egon Verwiebe","ZANTAO","internet","HAGA","https://hagaimoveis.com.br/imovel/terreno-rural-a-venda-no-bairro-zantao-em-brusque-sc/988","Dom_Geo_03",3,707719.41,6994000.19,"Baixo Potencial",0,1218.98,142.08,1743.37,489.65,1059.42,1135.15,12079,49.67,600000,"POINT(707719.4124314061 6994000.192270899)"
13697823,"2022-07-15","Rua Axel Krieger","SAO PEDRO","internet","MGF","https://sc.mgfimoveis.com.br/venda-sc-brusque-263628311","Dom_Geo_01",2,704279.39,7002805.41,"Baixo Potencial",0,1118.1,2434.55,922.15,214.00,767.74,1257.66,51788,56.00,2900000,"POINT(704279.3880860839 7002805.409811107)"
13701596,"2022-07-18","Rua Primeiro de maio","PRIMEIRO DE MAIO","internet","GOLDINVEST","https://www.goldinvestimoveis.com.br/detalhes_imovel/1909/terreno-no-bairro-primeiro-de-maio-brusque-venda-RS910000","Dom_Geo_03",2,707241.56,6999037.48,"Baixo Potencial",0,1457.59,18.23,935.33,271.60,158.91,2142.02,16000,56.88,910000,"POINT(707241.5598469755 6999037.476564702)"
13697805,"2022-07-14","Rua Cristiano Steffen","STEFFEN","internet","Moresco","https://imobiliariamoresco.com.br/imovel/1409/terreno-a-venda-steffen--brusque-sc","Dom_Geo_01",2,707805.17,7003530.81,"Baixo Potencial",0,1287.6,229.60,421.72,641.46,622.54,765.61,18420,70.58,1300000,"POINT(707805.1744618523 7003530.8134469995)"
13698008,"2022-07-15","Rua Alberto Knop","SOUZA CRUZ","internet","GOLDINVEST","https://www.goldinvestimoveis.com.br/detalhes_imovel/5114/terreno-no-bairro-jardim-maluche-brusque-venda-RS7500000","Dom_Geo_03",2,705143.85,6998598.25,"Baixo Potencial",0,1521.47,2010.31,488.47,153.78,322.41,748.73,106211.5,70.61,7500000,"POINT(705143.8492145126 6998598.248405696)"
13697609,"2022-07-14","Av. Pedro Merisio","DOM JOAQUIM","internet","Amo imoveis","https://imobiliariamoresco.com.br/imovel/2104/terreno-a-venda-dom-joaquim--brusque-sc","Dom_Geo_03",0,702939.50,6996481.80,"Baixo Potencial",0,1301.02,4859.67,39.41,565.05,422.76,2116.68,6615.45,73.92,489000,"POINT(702939.5022030035 6996481.799874726)"
13697594,"2022-07-14","Rua Adelina Zierke","PRIMEIRO DE MAIO","internet","Moresco","https://imobiliariamoresco.com.br/imovel/1459/terreno-a-venda-aguas-claras--brusque-sc","Dom_Geo_03",3,707799.96,6996238.64,"Baixo Potencial",0,1322.83,375.66,203.21,548.79,1340.68,765.30,9411.59,74.38,700000,"POINT(707799.9562701399 6996238.643894941)"
13697863,"2022-07-15","Rua Gregorio de souza e silva",NULL,"internet","CHF","https://www.chfimoveis.com.br/imovel/terreno-no-bairro-sao-joao-brusque-venda-RS250000/1352",NULL,0,701637.91,6991634.88,"Baixo Potencial",0,1148.66,6315.65,3635.09,1252.02,773.92,1325.74,2790,89.61,250000,"POINT(701637.9143625085 6991634.883204559)"
13697785,"2022-07-15","Rua Joao Victorino Mafra",NULL,"internet","Zucco","https://www.imobiliariazucco.com.br/imovel/terreno-a-venda-19900-m-cedro-alto-brusque-sc/TE0180-ZUCC?from=sale",NULL,0,701276.75,6992042.94,"Baixo Potencial",0,1148.96,6528.54,3110.12,953.10,285.15,925.75,19900,90.45,1800000,"POINT(701276.7518055914 6992042.938207529)"
13723928,"2022-07-21","Rua Vinte e Cinco de julho, Planalto","PLANALTO","internet","William Imoveis","https://www.williamimoveis.com.br/detalhes_imovel/1926","Dom_Geo_03",1,711633.55,7006704.51,"Baixo Potencial",0,1331.02,398.68,455.54,11.38,1184.55,1042.92,15000,92.67,1390000,"POINT(711633.5517070764 7006704.512754199)"
13730983,"2022-07-25","Rua Quinze de novembro","PLANALTO","internet","ARG","http://www.imoveisdebrusque.com.br/imovel/78949/terreno-planalto/","Dom_Geo_03",1,711392.02,7006331.25,"Baixo Potencial",0,1357.83,158.62,378.61,55.26,804.28,840.73,1300,103.85,135000,"POINT(711392.0166192563 7006331.246361254)"
13723818,"2002-07-20","Rua Bento Francisco Sgrott","PRIMEIRO DE MAIO","internet","William Imoveis","https://www.williamimoveis.com.br/detalhes_imovel/3726","Dom_Geo_03",2,707707.10,6998817.95,"Baixo Potencial",0,1448.77,422.05,1443.31,319.72,9.97,1977.29,1226,106.04,130000,"POINT(707707.1043690694 6998817.954668248)"
13697851,"2022-07-15","Rua Gregorio de souza e silva",NULL,"internet","Zucco","https://www.imobiliariazucco.com.br/imovel/terreno-a-venda-2790-m-por-300000-dom-joaquim-brusque-sc/TE0173-ZUCC?from=sale",NULL,0,701584.46,6991664.24,"Baixo Potencial",0,1149.35,6355.57,3584.87,1227.72,728.08,1297.57,2790,107.53,300000,"POINT(701584.45565441 6991664.243358456)"
13735303,"2022-07-26","Rua Augusto Machado","SOUZA CRUZ","internet","Imovel WEB","http://www.lbimoveis.com/site/detalhes_imovel/86/terreno---souza-cruz--souza-cruz-brusque-terreno-no-souza-cruz-com-810m-dendo-15-m-de-frente-42m-","Dom_Geo_03",3,704925.34,6997801.31,"Baixo Potencial",0,1334.05,2495.22,467.70,628.58,1129.50,1,810,123.46,100000,"POINT(704925.3408288015 6997801.309064728)"
13697812,"2022-07-15","Rod. Ivo Silveira","BATEAS","internet","Zucco","https://www.imobiliariazucco.com.br/imovel/terreno-a-venda-6001-m-por-800000-bateas-brusque-sc/TE0123-ZUCC?from=sale","Dom_Geo_01",1,708936.97,7006426.11,"Baixo Potencial",0,1151.55,69.63,1420.28,89.72,1912.98,1006.22,6001,133.31,800000,"POINT(708936.968166494 7006426.114068652)"
13697598,"2022-07-14","SC 026","SOUZA CRUZ","internet","Moresco","https://imobiliariamoresco.com.br/imovel/1187/terreno-a-venda-souza-cruz--brusque-sc","Dom_Geo_03",3,704762.63,6998309.54,"Baixo Potencial",0,1440.56,2487.99,171.78,495.41,683.58,462.12,2609.82,149.44,390000,"POINT(704762.6301409744 6998309.53697597)"
13724579,"2022-07-22","Rua Ida Beber","LIMEIRA BAIXA","internet","Jose Luis Ambrosi","https://www.joseluisambrosi.com.br/detalhes_imovel/3397/amplo-terreno-industrial-limeira-brusque-amplo-terreno-industrial-com-otima-localizacao","Dom_Geo_03",4,710553.82,7002631.72,"Baixo Potencial",0,1230.82,1329.91,1438.73,839.61,1741.78,247.00,12000,150.00,1800000,"POINT(710553.8245559484 7002631.724862245)"
13750640,"2022-07-27","Rua Schulemburg","SOUZA CRUZ","internet","Hoffmann","https://www.imobiliariahoffmann.com.br/imovel/302/terreno-em-brusque-no-bairro-souza-cruz/","Dom_Geo_03",3,704923.60,6997601.03,"Baixo Potencial",0,1308.2,2582.46,522.63,506.23,1328.64,1,1780,168.54,300000,"POINT(704923.6019041345 6997601.026542679)"
13723809,"2002-07-20","Rua Bento Francisco Sgrott","PRIMEIRO DE MAIO","internet","William Imoveis","https://www.williamimoveis.com.br/detalhes_imovel/3726","Dom_Geo_03",2,707722.74,6998817.69,"Baixo Potencial",0,1450.13,429.40,1458.33,320.36,9.77,1980.75,559,169.95,95000,"POINT(707722.743771753 6998817.693831237)"
13724593,"2022-07-22","Rua Carlos Zen","BATEAS","internet","Jose Luis Ambrosi","https://www.joseluisambrosi.com.br/detalhes_imovel/652/excelente-terreno-na-rodovia-ivo-silveira--bateas-brusque-excelente-terreno-na-rodovia-ivo","Dom_Geo_01",1,709965.14,7007839.97,"Baixo Potencial",0,1253.03,56.81,1504.98,251.80,1950.49,1138.67,22183.32,171.30,3800000,"POINT(709965.1402606003 7007839.971756189)"
13723819,"2002-07-20","Rua Bento Francisco Sgrott","PRIMEIRO DE MAIO","internet","William Imoveis","https://www.williamimoveis.com.br/detalhes_imovel/3726","Dom_Geo_03",2,707734.21,6998817.30,"Baixo Potencial",0,1450.13,434.61,1469.41,321.05,9.42,1983.16,637,172.68,110000,"POINT(707734.2092079659 6998817.295120334)"
13735305,"2022-07-26","Cond. Panoramico III","SAO JOAO","internet","LB","http://www.lbimoveis.com/site/detalhes_imovel/1084/terreno-cedro-brusque-","Dom_Geo_03",0,701685.54,6992974.29,"Baixo Potencial",0,1134.7,5923.57,2544.17,76.14,278.58,1,922.11,173.52,160000,"POINT(701685.5392553972 6992974.287849539)"
13698018,"2022-07-15","Lot. Independencia","AGUAS CLARAS","internet","GOLDINVEST","https://www.goldinvestimoveis.com.br/detalhes_imovel/4540/terreno-no-bairro-aguas-claras-brusque-venda-RS150000","Dom_Geo_03",3,706864.58,6994385.01,"Baixo Potencial",0,1286.37,778.00,1049.67,1,1509.97,1062.92,752.7,199.28,150000,"POINT(706864.5806046018 6994385.0069467705)"
13723937,"2022-07-21","rua Professor Euclides visconti","SAO PEDRO","internet","Jorge Floriani","https://www.jorgefloriani.com.br/imovel/comprar/terreno/brusque/s%C3%A3o-pedro/2709","Dom_Geo_01",2,704099.27,7003005.50,"Baixo Potencial",0,1056.65,2643.42,888.44,29.89,499.47,1280.12,988.88,202.25,200000,"POINT(704099.2710438096 7003005.49772741)"
13730994,"2022-07-25","Rua Marcos Fischer","SAO PEDRO","internet","Tarcisio Fischer","http://www.imoveisdebrusque.com.br/imovel/94643/terreno-no-bairro-sao-pedro/","Dom_Geo_01",2,706200.78,7004124.13,"Baixo Potencial",0,1239.81,1485.59,196.76,178.59,1243.76,164.65,741.2,202.37,150000,"POINT(706200.7773738749 7004124.126535302)"
13735284,"2022-07-26","Rua Frederico Jansen","BATEAS","internet","Imovel WEB","https://www.imovelweb.com.br/propriedades/lote9815-m-brusque-brusque-2967134792.html","Dom_Geo_01",1,709364.69,7006046.76,"Baixo Potencial",0,1218.99,362.51,848.76,366.49,1434.92,691.52,9815,203.68,1999110,"POINT(709364.6878997444 7006046.755835211)"
13750700,"2022-07-27","Rua Frederico Jansen","BATEAS","internet","Zap","https://www.zapimoveis.com.br/imovel/venda-terreno-lote-condominio-bateas-brusque-sc-9815m2-id-2571022467/","Dom_Geo_01",1,709403.74,7006045.44,"Baixo Potencial",0,1225.76,399.25,819.95,368.19,1427.79,658.51,9815,203.72,1999550,"POINT(709403.7417408482 7006045.443298441)"
13735268,"2022-07-26","Rua Bulcao Viana","AZAMBUJA","internet","CNZ","https://www.cnzimoveis.com.br/imovel/140201/brusque-amplo-terreno-urbano-","Dom_Geo_03",2,705997.10,6999531.46,"Baixo Potencial",0,1859.27,798.07,282.89,156.34,495.77,1861.70,8250,218.18,1800000,"POINT(705997.0960959241 6999531.457746837)"
13700190,"2022-07-18","Rua Joao Gedezio Goedert","RIO BRANCO","internet","GOLDINVEST","https://www.goldinvestimoveis.com.br/detalhes_imovel/3767/terreno-no-bairro-rio-branco-brusque-venda-RS798000","Dom_Geo_02",2,703209.60,6998654.28,"Baixo Potencial",0,1370.95,3714.07,1411.86,58.58,1457.23,1719.83,3630.63,219.80,798000,"POINT(703209.6022545036 6998654.281581128)"
13682441,"2022-07-13","Rua Max hering","BATEAS","internet","Julio imoveis",NULL,"Dom_Geo_01",1,708645.54,7005423.85,"Baixo Potencial",0,1136.03,505.60,1248.26,362.47,1239.18,1030.73,10000,220.00,2200000,"POINT(708645.5398669543 7005423.854237247)"
13680727,"2022-07-13","Rua Catarina Visconti Imhof","SAO PEDRO","internet","Julio imoveis",NULL,"Dom_Geo_01",2,704480.17,7003693.83,"Baixo Potencial",0,996.96,2511.58,212.19,495.92,642.44,714.73,19981,220.21,4400000,"POINT(704480.1678266607 7003693.832850285)"
13677327,"2022-07-13","Cond. Reserva Club","AZAMBUJA","internet","Julio imoveis",NULL,"Dom_Geo_03",3,706068.29,6997276.32,"Baixo Potencial",0,1285.86,1812.53,201.74,1,1660.78,902.62,2152,227.70,490000,"POINT(706068.2945722743 6997276.324190046)"
14320322,"2022-09-02","Rua Gustavo Willrich","AZAMBUJA","internet","Planifik","https://www.planifikimoveis.com.br/imovel/1375420m-com-excelente-localizacao/6993","Dom_Geo_03",2,706021.52,6999660.13,"Baixo Potencial",0,1949.04,728.20,243.39,179.71,613.35,1862.68,13754.2,232.66,3200000,"POINT(706021.5171111168 6999660.132316269)"
13730971,"2022-07-25","Rua fernando Brandt","LIMEIRA BAIXA","internet","ARG","http://www.imoveisdebrusque.com.br/imovel/57499/lindos-lotes/","Dom_Geo_03",4,711526.51,7003900.57,"Baixo Potencial",0,1348,1357.17,1376.20,759.81,1318.30,1402.78,425,235.29,100000,"POINT(711526.5063305614 7003900.567154216)"
13750685,"2022-07-27","Rua Alexandre barni","TOMAZ COELHO","internet","Vitor Imoveis","https://vitorimoveis-sc.com.br/imovel.php?id=3113","Dom_Geo_03",0,702650.33,6993960.49,"Baixo Potencial",0,1240.24,4884.53,2031.67,7.00,1644.00,611.94,744,248.66,185000,"POINT(702650.3292436549 6993960.493945945)"
13661168,"2022-07-12","Rua Luiz João Schinkein","LIMEIRA BAIXA","internet","planifik",NULL,"Dom_Geo_03",4,711479.20,7002366.02,"Baixo Potencial",0,1203.46,2162.03,2277.90,1,2687.87,99.04,470,255.32,120000,"POINT(711479.2025886313 7002366.022829955)"
13730992,"2022-07-25","Rua Horizonte","VOLTA GRANDE","internet","ARG","http://www.imoveisdebrusque.com.br/imovel/79036/excelentes-lotes/","Dom_Geo_01",1,709784.85,7009930.76,"Baixo Potencial",0,1202.02,183.01,2915.97,1079.45,1,3178.86,450,255.56,115000,"POINT(709784.8454103165 7009930.764265436)"
13730979,"2022-07-25","Rua Jose Reis - Zantao","ZANTAO","internet","Tarcisio Fischer","http://www.imoveisdebrusque.com.br/imovel/106961/terreno-no-bairro-zantao/","Dom_Geo_03",3,706968.46,6992012.26,"Baixo Potencial",0,1139.23,1439.34,3419.17,1483.40,3169.01,3189.14,348,258.62,90000,"POINT(706968.4619808565 6992012.264955649)"
13710557,"2022-07-18","Lot. Independencia","AGUAS CLARAS","internet","GOLDINVEST","https://www.goldinvestimoveis.com.br/detalhes_imovel/4171/terreno-no-bairro-aguas-claras-brusque-venda-RS110000","Dom_Geo_03",3,706667.69,6994637.27,"Baixo Potencial",0,1301.39,1036.52,782.70,1,1632.83,1072.78,423.36,259.83,110000,"POINT(706667.6915484372 6994637.266694989)"
13697856,"2022-07-15","Lot. Guillherme Bruns","DOM JOAQUIM","internet","CHF","https://www.chfimoveis.com.br/imovel/terreno-no-bairro-dom-joaquim-brusque-venda-RS130000/2997","Dom_Geo_03",0,702529.54,6995112.96,"Baixo Potencial",0,1445.59,5135.66,879.43,7.35,1295.32,698.56,496,262.10,130000,"POINT(702529.5401259288 6995112.955205415)"
13647389,"2022-07-12","Rua Sebastiana de Mello","CEDRINHO","internet","Julio imoveis",NULL,"Dom_Geo_03",3,705406.13,6994499.20,"Baixo Potencial",0,1220.59,2194.88,1524.19,74.72,2900.31,1990.38,601.83,265.86,160000,"POINT(705406.1295212831 6994499.20119902)"
13750644,"2022-07-27","Rua Ernesto Kuchenbeck","SOUZA CRUZ","internet","WD","https://www.wdinvestimentos.com.br/imovel/terrenos-no-bairro-souza-cruz-brusque-venda-RS100000/1493","Dom_Geo_03",3,705162.58,6997353.57,"Baixo Potencial",0,1289.5,2503.16,854.13,414.21,1566.62,221.04,364,274.73,100000,"POINT(705162.5774266773 6997353.566704151)"
13735259,"2022-07-26","Rua David Hort Geral","SAO JOAO","internet","CNZ","https://www.cnzimoveis.com.br/imovel/157957/brusque-terreno-plano-4850m%C2%B2-cedro-alto","Dom_Geo_03",0,702438.44,6993954.48,"Baixo Potencial",0,1254.69,5096.37,2011.68,168.70,1508.45,491.04,4850,278.35,1350000,"POINT(702438.4371693373 6993954.483921809)"
13731003,"2022-07-25","Rua Adrino Leopoldo de souza","AGUAS CLARAS","internet","Teresinho Baron","https://www.teresinhabaron.com.br/venda/1454/Terreno-Bairro-Aguas-Claras","Dom_Geo_03",3,706762.21,6995138.04,"Baixo Potencial",0,1323.15,1229.14,290.54,1,1521.70,855.84,572,279.72,160000,"POINT(706762.2110373061 6995138.04078491)"
13661167,"2022-07-12","Rua Estados Unidos","LIMEIRA BAIXA","internet","planifik",NULL,"Dom_Geo_03",4,711541.96,7002408.26,"Baixo Potencial",0,1206.08,2177.43,2295.17,1,2720.90,160.66,411.85,291.37,120000,"POINT(711541.9628656195 7002408.255386266)"
13750686,"2022-07-27","Rua Arnaldo Lussoli","AGUAS CLARAS","internet","Vitor Imoveis","https://vitorimoveis-sc.com.br/imovel.php?id=3158","Dom_Geo_03",3,707838.80,6995179.49,"Baixo Potencial",0,1309.23,330.27,758.52,258.52,478.56,1,325,292.31,95000,"POINT(707838.8004972667 6995179.49134088)"
13677291,"2022-07-12","Rua Arnoldo Ristow","ZANTAO","internet","planifik",NULL,"Dom_Geo_03",3,707133.33,6993421.32,"Baixo Potencial",0,1190.45,584.25,2046.92,78.39,1871.86,1780.50,720,294.44,212000,"POINT(707133.328082379 6993421.317495426)"
13750669,"2022-07-27","Rua onze de maio","SAO JOAO","internet","Hoffmann","https://www.imobiliariahoffmann.com.br/imovel/504/terreno-em-brusque-no-bairro-cedro-alto/","Dom_Geo_03",0,701714.28,6993229.86,"Baixo Potencial",0,1154.06,5860.46,2377.80,262.72,529.31,81.36,610,295.08,180000,"POINT(701714.2769640392 6993229.864838418)"
13721432,"2002-07-20","Rua Anoldo Ristow","ZANTAO","internet","William Imoveis","https://www.williamimoveis.com.br/detalhes_imovel/5023","Dom_Geo_03",3,707069.03,6992436.64,"Baixo Potencial",0,1139.98,1270.23,3007.41,1049.53,2742.74,2753.20,720,298.61,215000,"POINT(707069.0345935773 6992436.644646257)"
13679003,"2022-07-13","Rua Azambuja","AZAMBUJA","internet","Julio imoveis",NULL,"Dom_Geo_03",2,706201.11,6998952.60,"Baixo Potencial",0,1511.1,974.35,15.81,161.81,527.17,1490.53,3630,303.03,1100000,"POINT(706201.1111434347 6998952.602000246)"
13697797,"2022-07-15","Rua Nilo Joao Raulino","PRIMEIRO DE MAIO","internet","Moresco","https://imobiliariamoresco.com.br/imovel/1097/terreno-a-venda-azambuja--brusque-sc","Dom_Geo_03",2,706839.12,6998653.46,"Baixo Potencial",0,1378.41,401.35,632.74,204.36,503.50,1761.36,1482.85,303.47,450000,"POINT(706839.1200596126 6998653.463897476)"
13750651,"2022-07-27","Rua beira Rio","DOM JOAQUIM","internet","Hoffmann","https://www.imobiliariahoffmann.com.br/imovel/146/terreno-em-brusque-no-bairro-dom-joaquim/","Dom_Geo_02",0,701749.30,6997082.67,"Baixo Potencial",0,1235.99,5697.80,1127.61,596.14,534.97,2593.60,1150,304.35,350000,"POINT(701749.2954849144 6997082.672072308)"
13730976,"2022-07-25","Lot. Santa monica","LIMOEIRO","internet","ARG","http://www.imoveisdebrusque.com.br/imovel/96211/terreno-pronto-pra-construir/","Dom_Geo_02",1,710147.79,7006525.28,"Baixo Potencial",0,1329,924.15,511.11,616.91,1256.38,1,420,309.52,130000,"POINT(710147.7914379069 7006525.275285334)"
13697432,"2022-07-14","Rua Carlos Ristow","AZAMBUJA","internet","Amo imoveis",NULL,"Dom_Geo_03",3,707170.48,6996672.78,"Baixo Potencial",0,1317.71,1040.34,302.98,235.53,2017.40,91.81,838,310.26,260000,"POINT(707170.4844315574 6996672.78383762)"
13677639,"2022-07-13","Lot. Jardim das hortencias","SAO JOAO","internet","Julio imoveis",NULL,"Dom_Geo_03",0,701241.73,6992580.99,"Baixo Potencial",0,1142.44,6431.35,2613.24,570.65,1,388.60,1504.5,311.73,469000,"POINT(701241.7301949724 6992580.994925693)"
13647386,"2022-07-12","Rua ZT-013","ZANTAO","internet","Julio imoveis",NULL,"Dom_Geo_03",3,707720.89,6992748.77,"Baixo Potencial",0,1126.22,720.17,2861.58,769.99,2217.80,2386.55,540,314.81,170000,"POINT(707720.888231814 6992748.765292807)"
13654647,"2022-07-12","Lot. Jardim das hortencias",NULL,"internet","Julio imoveis",NULL,NULL,0,701067.66,6992549.67,"Baixo Potencial",0,1150.33,6608.14,2562.52,737.75,1,423.76,1037.4,317.14,329000,"POINT(701067.6622997868 6992549.668037444)"
13697836,"2022-07-15","Rua fernando Brandt","LIMEIRA BAIXA","internet","Zucco","https://www.imobiliariazucco.com.br/imovel/terreno-a-venda-408-m-por-130000-limeira-brusque-sc/TE0191-ZUCC?from=sale","Dom_Geo_03",4,711516.45,7003799.59,"Baixo Potencial",0,1338.79,1390.07,1426.42,763.21,1419.54,1301.30,408,318.63,130000,"POINT(711516.4504489729 7003799.587803989)"
13698010,"2022-07-18","Lot. Jd. Alamandas","LIMEIRA BAIXA","internet","GOLDINVEST","https://www.goldinvestimoveis.com.br/detalhes_imovel/1098/terreno-no-bairro-limeira-baixa-brusque-venda-RS115000","Dom_Geo_03",4,712598.35,7003210.61,"Baixo Potencial",0,1265.71,2618.96,2650.85,1,2030.47,1404.58,360,319.44,115000,"POINT(712598.3460030829 7003210.609799076)"
13710606,"2022-07-18","SF 006","STEFFEN","internet","PRIMAX","https://www.primaximoveis.com.br/imovel/terreno-no-bairro-steffen-brusque-venda-RS315000/15681","Dom_Geo_01",2,707297.57,7003700.83,"Baixo Potencial",0,1340.48,516.60,475.87,157.14,1094.79,1128.20,975,323.08,315000,"POINT(707297.5748537831 7003700.826922074)"
13697845,"2022-07-15","Rua Octaviano Rosa",NULL,"internet","Zucco","https://www.imobiliariazucco.com.br/imovel/terreno-a-venda-431-m-por-140000-cedro-alto-brusque-sc/TE0008-ZUCC?from=sale",NULL,0,699876.81,6990563.23,"Baixo Potencial",0,1192.15,8349.69,3525.89,2966.90,1829.41,2463.43,431,324.83,140000,"POINT(699876.8074058765 6990563.22743348)"
13697396,"2022-07-14","Rua Augusto Klabunde","AGUAS CLARAS","internet","Amo imoveis",NULL,"Dom_Geo_03",3,706909.99,6995364.44,"Baixo Potencial",0,1329.36,1211.24,160.49,85.39,1417.85,727.45,2000,325.00,650000,"POINT(706909.987761056 6995364.4381036395)"
13698030,"2022-07-18","Lot. Prospero Cadore","LIMEIRA BAIXA","internet","GOLDINVEST","https://www.goldinvestimoveis.com.br/detalhes_imovel/4989/terreno-no-bairro-limeira-baixa-brusque-venda-RS135000","Dom_Geo_03",4,712249.44,7002724.76,"Baixo Potencial",0,1232.97,2526.68,2690.70,1,2475.43,893.06,411.84,327.80,135000,"POINT(712249.4366668247 7002724.764004344)"
13735302,"2022-07-26","Rua Amalia schlinwein klann","AZAMBUJA","internet","Imovel WEB","https://www.imovelweb.com.br/propriedades/terreno-na-souza-cruz-2965771704.html","Dom_Geo_03",2,705801.15,6999368.48,"Baixo Potencial",0,1798.62,1046.17,481.12,27.77,249.07,1633.93,800,331.25,265000,"POINT(705801.1482476264 6999368.482846203)"
13678996,"2022-07-13","Rua São Pedro","SAO PEDRO","internet","Julio imoveis",NULL,"Dom_Geo_01",2,704671.68,7003911.27,"Baixo Potencial",0,997.01,2461.15,26.09,271.49,820.70,529.99,8952.29,331.76,2970000,"POINT(704671.6823832175 7003911.274842931)"
13697849,"2022-07-15","Rua Erico jeske","PRIMEIRO DE MAIO","internet","Zucco","https://www.imobiliariazucco.com.br/imovel/terreno-a-venda-1090-m-por-370000-primeiro-de-maio-brusque-sc/TE0217-ZUCC?from=sale","Dom_Geo_03",3,708582.33,6997127.50,"Baixo Potencial",0,1321.65,345.66,1242.52,473.30,1734.70,1357.47,1090,339.45,370000,"POINT(708582.3336728782 6997127.501253104)"
13700380,"2022-07-18","Lot. Independencia","AGUAS CLARAS","internet","GOLDINVEST","https://www.goldinvestimoveis.com.br/detalhes_imovel/4040/terreno-no-bairro-aguas-claras-brusque-venda-RS125000","Dom_Geo_03",3,706694.45,6994695.96,"Baixo Potencial",0,1305.13,1034.60,724.07,1,1597.07,1022.63,360,347.22,125000,"POINT(706694.4507504452 6994695.956894476)"
13700301,"2022-07-18","Rua benno imhof","SAO PEDRO","internet","GOLDINVEST","https://www.goldinvestimoveis.com.br/detalhes_imovel/3699/terreno-no-bairro-sao-pedro-brusque-venda-RS550000","Dom_Geo_01",2,704632.48,7003464.88,"Baixo Potencial",0,1048.45,2273.17,185.35,509.12,835.92,597.73,1581.2,347.84,550000,"POINT(704632.4782516722 7003464.875951239)"
13710578,"2022-07-18","Rua Ereneu Dalmolini","DOM JOAQUIM","internet","GOLDINVEST","https://www.goldinvestimoveis.com.br/detalhes_imovel/3737/terreno-no-bairro-dom-joaquim-brusque-venda-RS371000","Dom_Geo_03",0,702821.50,6995143.09,"Baixo Potencial",0,1415.8,4858.49,970.87,28.99,1307.66,899.18,1062.83,349.07,371000,"POINT(702821.4962917301 6995143.091913406)"
13647401,"2022-07-12","Wanda Kreidlow","AGUAS CLARAS","internet","planifik",NULL,"Dom_Geo_03",3,706692.32,6995258.19,"Baixo Potencial",0,1322.62,1363.00,161.92,1,1607.24,927.06,286,349.65,100000,"POINT(706692.3163997552 6995258.191923583)"
13697603,"2022-07-14","Rua Abraao de souza e silva","BATEAS","internet","Amo imoveis","https://imobiliariamoresco.com.br/imovel/1938/terreno-a-venda-bateas--brusque-sc","Dom_Geo_01",1,710287.23,7007418.87,"Baixo Potencial",0,1299.35,480.84,984.51,34.99,2049.01,623.57,9479.35,350.23,3320000,"POINT(710287.2314133167 7007418.869599861)"
13735271,"2022-07-26","Rua Luiz Boni","PONTA RUSSA","internet","Brusimoveis","https://www.brusimoveis.com.br/detalhes_imovel/131/terreno-no-bairro-ponta-russa-brusque-venda-RS110000","Dom_Geo_03",3,709208.48,6996372.33,"Baixo Potencial",0,1210.68,938.96,1165.92,306.13,1388.96,1671.51,311.92,352.65,110000,"POINT(709208.4753560986 6996372.328679783)"
13665989,"2022-07-12","Rua Veneza - Lot. Independência","AGUAS CLARAS","internet","planifik",NULL,"Dom_Geo_03",3,706675.23,6994356.54,"Baixo Potencial",0,1282.95,942.40,1063.35,1,1697.52,1222.52,360,361.11,130000,"POINT(706675.2293158711 6994356.53774837)"
13697596,"2022-07-14","Rua Eugenio Brandt","LIMEIRA BAIXA","internet","Moresco","https://imobiliariamoresco.com.br/imovel/3332/terreno-a-venda-limeira-baixa--brusque-sc","Dom_Geo_03",4,711535.70,7002919.52,"Baixo Potencial",0,1248.65,1828.61,1981.17,1,2298.62,441.41,360,361.11,130000,"POINT(711535.7014429125 7002919.517904982)"
13710570,"2022-07-18","Lot. Independencia","AGUAS CLARAS","internet","GOLDINVEST","https://www.goldinvestimoveis.com.br/detalhes_imovel/698/terreno-no-bairro-aguas-claras-brusque-venda-RS130000","Dom_Geo_03",3,706625.23,6994562.26,"Baixo Potencial",0,1295.7,1052.57,859.35,1,1689.10,1146.13,360,361.11,130000,"POINT(706625.2264836394 6994562.255356267)"
13647402,"2022-07-12","Luiz Boni","PONTA RUSSA","internet","planifik",NULL,"Dom_Geo_03",3,709054.34,6996395.02,"Baixo Potencial",0,1229.14,783.57,1031.19,197.98,1411.31,1582.47,311.92,368.68,115000,"POINT(709054.3387710257 6996395.01817878)"
13697826,"2022-07-15","Lot. Independencia","AGUAS CLARAS","internet","Zucco","https://www.imobiliariazucco.com.br/imovel/terreno-de-417-m-aguas-claras-brusque-a-venda-por-155000/TE0240-ZUCC?from=sale","Dom_Geo_03",3,706869.54,6994433.67,"Baixo Potencial",0,1291.02,782.90,1002.56,1,1488.62,1025.56,417,371.70,155000,"POINT(706869.5446696165 6994433.668794654)"
13697417,"2022-07-14","Lot. Jd. Alamandas","LIMEIRA BAIXA","internet","Amo imoveis",NULL,"Dom_Geo_03",4,712684.59,7003190.94,"Baixo Potencial",0,1261.04,2705.57,2733.98,1,2068.68,1470.52,362,372.93,135000,"POINT(712684.594997329 7003190.93798681)"
13697824,"2022-07-15","Rua Luiz Joao Schinkein - Lot. Prospero Cadore","LIMEIRA BAIXA","internet","Zucco","https://www.imobiliariazucco.com.br/imovel/terreno-de-479-m-limeira-brusque-a-venda-por-180000/TE0237-ZUCC?from=sale","Dom_Geo_03",4,711491.52,7002449.82,"Baixo Potencial",0,1208.76,2112.30,2229.87,1,2656.63,109.12,479,375.78,180000,"POINT(711491.517505127 7002449.816298587)"
13698028,"2022-07-18","Lot. San Genaro","PRIMEIRO DE MAIO","internet","GOLDINVEST","https://www.goldinvestimoveis.com.br/detalhes_imovel/2881/terreno-no-bairro-primeiro-de-maio-brusque-venda-RS175000","Dom_Geo_03",2,707812.30,6998789.47,"Baixo Potencial",0,1451.4,449.19,1552.23,350.85,1,1977.19,465,376.34,175000,"POINT(707812.3044845269 6998789.470549302)"
13697825,"2022-07-15","Rua Luiz Joao Schinkein - Lot. Prospero Cadore","LIMEIRA BAIXA","internet","Zucco","https://www.imobiliariazucco.com.br/imovel/terreno-a-venda-478-m-por-180000-limeira-brusque-sc/TE0235-ZUCC?from=sale","Dom_Geo_03",4,711517.20,7002437.09,"Baixo Potencial",0,1208.76,2139.56,2257.48,1,2682.90,135.13,478,376.57,180000,"POINT(711517.1951925152 7002437.0882411655)"
13682448,"2022-07-13","Rua Henrich Hoffmann","CENTRO II","internet","Julio imoveis",NULL,"Dom_Geo_02",2,707322.34,7000371.84,"Alto Potencial",1,1937.5,330.91,530.42,420.37,238.38,1494.38,26474,377.73,10000000,"POINT(707322.3392233205 7000371.840962612)"
13668598,"2022-07-12","Rua Florencia","LIMEIRA BAIXA","internet","planifik",NULL,"Dom_Geo_03",4,712180.83,7002636.55,"Baixo Potencial",0,1226.75,2516.94,2680.06,1,2562.93,807.78,364,384.62,140000,"POINT(712180.8330924034 7002636.546418677)"
13735296,"2022-07-26","Rua Oito de outubro","PLANALTO","internet","Imovel WEB","https://www.imovelweb.com.br/propriedades/terreno-no-bairro-planalto-proximo-a-empresa-fischer-2966630122.html","Dom_Geo_03",1,711447.63,7005794.59,"Baixo Potencial",0,1375.25,406.74,393.34,1,269.51,781.75,336,386.90,130000,"POINT(711447.6323921427 7005794.59144368)"
13677276,"2022-07-12","Rua Ivo Szpoganicz","SOUZA CRUZ","internet","planifik",NULL,"Dom_Geo_03",3,704785.14,6996823.25,"Baixo Potencial",0,1256.02,3106.57,928.91,1,2117.48,749.42,540.77,388.34,210000,"POINT(704785.1413265811 6996823.248930886)"
13677284,"2022-07-12","Rua Doutor Ivo Szpoganicz","SOUZA CRUZ","internet","planifik",NULL,"Dom_Geo_03",3,704790.89,6996835.80,"Baixo Potencial",0,1256.57,3094.88,925.76,1,2104.28,736.86,540.77,388.34,210000,"POINT(704790.8881019445 6996835.79694752)"
13697392,"2022-07-14","Rua benno imhof","SAO PEDRO","internet","Amo imoveis",NULL,"Dom_Geo_01",2,704629.91,7003482.74,"Baixo Potencial",0,1044.98,2283.04,174.93,498.03,828.58,594.34,1277.14,391.50,500000,"POINT(704629.9059102406 7003482.736451486)"
14320326,"2022-09-02","Rua David Hort","SAO JOAO","internet","Planifik","https://www.planifikimoveis.com.br/imovel/terreno-203699-m-no-bairro-cedro-alto/4406","Dom_Geo_03",0,701369.80,6992172.86,"Baixo Potencial",0,1140.91,6403.49,3034.03,794.95,182.89,793.82,2036.99,392.74,800000,"POINT(701369.7976288435 6992172.855473614)"
13669841,"2022-07-12","Rua A - Prospero Cadore","LIMEIRA BAIXA","internet","planifik",NULL,"Dom_Geo_03",4,712214.70,7002567.08,"Baixo Potencial",0,1220.93,2584.24,2744.37,1,2632.50,833.19,364,398.35,145000,"POINT(712214.7014543007 7002567.082553459)"
13750609,"2022-07-27","Rua Teresa Peters Schwamberger","DOM JOAQUIM","internet","Hoffmann","https://www.imobiliariahoffmann.com.br/imovel/558/terreno-em-brusque-no-bairro-dom-joaquim/","Dom_Geo_02",0,701926.75,6996688.60,"Baixo Potencial",0,1306.28,5691.79,713.42,290.24,457.39,2192.36,1350,400.00,540000,"POINT(701926.7528210101 6996688.599747341)"
13661179,"2022-07-12","Rua henrique Horner Sobrinho","SAO PEDRO","internet","Julio imoveis",NULL,"Dom_Geo_01",2,705503.44,7004086.47,"Baixo Potencial",0,1119.77,1968.34,79.22,158.06,1349.52,284.94,900,400.00,360000,"POINT(705503.4364376953 7004086.470147213)"
13697831,"2022-07-15","Lot. Independencia","AGUAS CLARAS","internet","Zucco","https://www.imobiliariazucco.com.br/imovel/terreno-de-360-m-aguas-claras-brusque-a-venda-por-145000/TE0241-ZUCC?from=sale","Dom_Geo_03",3,706827.01,6994496.92,"Baixo Potencial",0,1295.16,840.50,933.25,1,1509.76,1016.17,360,402.78,145000,"POINT(706827.0125191044 6994496.924137188)"
13670818,"2022-07-12","Rua G - Lot. Independencia","AGUAS CLARAS","internet","planifik",NULL,"Dom_Geo_03",3,706685.00,6994644.92,"Baixo Potencial",0,1301.86,1023.20,774.97,1,1614.46,1053.90,360,402.78,145000,"POINT(706684.9954884511 6994644.918024889)"
13697880,"2022-07-15","Rua uniao","LIMEIRA BAIXA","internet","CHF","https://www.chfimoveis.com.br/imovel/terreno-no-bairro-limeira-brusque-venda-RS195000/2106","Dom_Geo_03",4,712777.72,7001888.23,"Baixo Potencial",0,1191.41,3442.65,3587.30,1,3363.10,1411.02,483,403.73,195000,"POINT(712777.7240895313 7001888.229428841)"
13710572,"2022-07-18","Rua Doutor euclides cardeal","SOUZA CRUZ","internet","GOLDINVEST","https://www.goldinvestimoveis.com.br/detalhes_imovel/5041/terreno-no-bairro-souza-cruz-brusque-venda-RS399000","Dom_Geo_03",3,704927.03,6996834.53,"Baixo Potencial",0,1261.16,2982.56,1036.89,1,2092.10,738.84,982.97,405.91,399000,"POINT(704927.0314910382 6996834.52618609)"
13697844,"2022-07-15","Rua Frederico Debatim","AGUAS CLARAS","internet","Zucco","https://www.imobiliariazucco.com.br/imovel/terreno-a-venda-810-m-por-330000-aguas-claras-brusque-sc/TE0067-ZUCC?from=sale","Dom_Geo_03",3,707463.84,6995910.41,"Baixo Potencial",0,1330.5,643.49,72.61,222.84,1231.10,732.85,810,407.41,330000,"POINT(707463.8439513934 6995910.41126365)"
13735262,"2022-07-26","Rua Luiz Boni","PONTA RUSSA","internet","Brusimoveis","https://www.brusimoveis.com.br/detalhes_imovel/141/terreno-no-bairro-ponta-russa-brusque-venda-RS120000","Dom_Geo_03",3,709255.05,6996374.32,"Baixo Potencial",0,1206.49,985.24,1210.50,340.62,1391.06,1706.39,294,408.16,120000,"POINT(709255.0504580202 6996374.323142381)"
13661180,"2022-07-12","Rua José Jacinto Cardeal","CEDRINHO","internet","planifik",NULL,"Dom_Geo_03",3,705212.51,6994226.22,"Baixo Potencial",0,1185.58,2338.78,1849.69,23.07,3141.10,1681.17,303.75,411.52,125000,"POINT(705212.5105875889 6994226.222341519)"
13723935,"2022-07-21","Rua Joao Aloisio Barni","SOUZA CRUZ","internet","Jorge Floriani","https://www.jorgefloriani.com.br/imovel/comprar/terreno/brusque/souza-cruz/1524","Dom_Geo_03",2,705393.70,6999628.86,"Baixo Potencial",0,2027.75,1345.11,188.84,247.10,473.50,1789.75,3854.32,415.12,1600000,"POINT(705393.7044842211 6999628.863730494)"
13666028,"2022-07-12","Rua Francisco Haag","RIO BRANCO","internet","planifik",NULL,"Dom_Geo_02",2,703054.74,6998632.51,"Baixo Potencial",0,1340.71,3867.59,1524.24,1,1343.03,1848.65,312,416.67,130000,"POINT(703054.7435955597 6998632.513849659)"
13697830,"2022-07-15","Lot. Independencia","AGUAS CLARAS","internet","Zucco","https://www.imobiliariazucco.com.br/imovel/terreno-a-venda-381-m-por-160000-aguas-claras-brusque-sc/TE0239-ZUCC?from=sale","Dom_Geo_03",3,706828.17,6994406.23,"Baixo Potencial",0,1287.79,817.63,1023.21,1,1536.77,1074.55,381,419.95,160000,"POINT(706828.1654131983 6994406.2273846865)"
14320307,"2022-09-02","Rua Luiz Mafezzolli","LIMEIRA BAIXA","internet","Planifik","https://www.planifikimoveis.com.br/imovel/dois-lotes-na-limeira/4188","Dom_Geo_03",4,710910.69,7004083.42,"Baixo Potencial",0,1351.28,721.14,783.47,154.90,1154.11,1612.33,2000,425.00,850000,"POINT(710910.6914884883 7004083.415304262)"
13697829,"2022-07-15","Rua Luiz Joao Schinkein - Lot. Prospero Cadore","LIMEIRA BAIXA","internet","Zucco","https://www.imobiliariazucco.com.br/imovel/terreno-a-venda-398-m-por-170000-limeira-brusque-sc/TE0233-ZUCC?from=sale","Dom_Geo_03",4,711463.15,7002350.20,"Baixo Potencial",0,1202.19,2161.82,2277.37,1,2679.94,83.41,399,426.07,170000,"POINT(711463.1502860133 7002350.200740926)"
13697852,"2022-07-15","Lot. Jd. Alamandas","LIMEIRA BAIXA","internet","Zucco","https://www.imobiliariazucco.com.br/imovel/terreno-de-305-m-limeira-brusque-a-venda-por-130000/TE0128-ZUCC?from=sale","Dom_Geo_03",4,712682.94,7003139.93,"Baixo Potencial",0,1258.21,2725.30,2760.35,1,2117.85,1445.94,305,426.23,130000,"POINT(712682.9352014437 7003139.934574256)"
13678993,"2022-07-13","Cond. Reserva Club","AZAMBUJA","internet","Julio imoveis",NULL,"Dom_Geo_03",3,706036.74,6997238.72,"Baixo Potencial",0,1285.4,1861.24,250.82,1,1690.21,887.26,1603.65,430.27,690000,"POINT(706036.7448787631 6997238.721608172)"
13697832,"2022-07-15","Lot. Independencia","AGUAS CLARAS","internet","Zucco","https://www.imobiliariazucco.com.br/imovel/terreno-a-venda-360-m-por-155000-aguas-claras-brusque-sc/TE0243-ZUCC?from=sale","Dom_Geo_03",3,706614.23,6994356.90,"Baixo Potencial",0,1281.78,998.69,1064.99,1,1755.01,1269.95,360,430.56,155000,"POINT(706614.2326170282 6994356.904684922)"
13750649,"2022-07-27","Rua Barriga Verde","CERAMICA REIS","internet","Hoffmann","https://www.imobiliariahoffmann.com.br/imovel/930/terreno-em-brusque-no-bairro-sao-pedro/","Dom_Geo_01",2,706459.04,7004317.09,"Baixo Potencial",0,1233.91,1505.27,507.14,8.08,1434.38,438.60,462,432.90,200000,"POINT(706459.0442034267 7004317.085831299)"
14320339,"2022-09-02","Rua Mosenhor Valentim Loch e Rua Arnoldo Ristow","ZANTAO","internet","Baron","https://imobiliariabaron.com.br/imovel/terreno-a-venda-no-bairro-zantao-em-brusque-sc/625","Dom_Geo_03",3,707203.34,6993547.72,"Baixo Potencial",0,1198.29,455.47,1940.59,28.76,1729.39,1640.13,1376.12,436.01,600000,"POINT(707203.3354536684 6993547.724774573)"
14320321,"2022-09-02","Rua Daniel Imhof","SAO PEDRO","internet","Julio imoveis","https://www.julioimoveis.com.br/site/imovel/9029/sao-pedro-o-bairro-dos-sonhos-terreno-a-venda-terreno-o-terreno-perfeito-para-a-sua-empresa-galpao","Dom_Geo_01",2,706121.93,7002100.27,"Baixo Potencial",0,2486.27,617.41,591.52,345.75,119.52,381.19,1242,442.83,550000,"POINT(706121.9274717116 7002100.266730415)"
13680726,"2022-07-13","Rua Azambuja","AZAMBUJA","internet","Julio imoveis",NULL,"Dom_Geo_03",2,706320.66,6999268.46,"Baixo Potencial",0,1626.3,666.33,14.02,105.64,652.98,1808.91,2700,444.44,1200000,"POINT(706320.6579772062 6999268.459124117)"
13647383,"2022-07-12","Rua Veneza - Lot. Independência","AGUAS CLARAS","internet","julio imoveis",NULL,"Dom_Geo_03",3,706742.73,6994548.11,"Baixo Potencial",0,1296.91,936.18,873.57,1,1577.83,1053.77,360,444.44,160000,"POINT(706742.7274814156 6994548.112451311)"
13697815,"2022-07-15","Lot. Independencia","AGUAS CLARAS","internet","Zucco","https://www.imobiliariazucco.com.br/imovel/terreno-a-venda-360-m-por-160000-aguas-claras-brusque-sc/TE0242-ZUCC?from=sale","Dom_Geo_03",3,706629.29,6994354.70,"Baixo Potencial",0,1282.2,983.93,1066.37,1,1741.49,1259.44,360,444.44,160000,"POINT(706629.2898012545 6994354.696126834)"
13701917,"2022-07-18","Rua São Pedro","SAO PEDRO","internet","GOLDINVEST","https://www.goldinvestimoveis.com.br/detalhes_imovel/2659/terreno-no-bairro-sao-luiz-brusque-venda-RS380000","Dom_Geo_01",2,706408.48,7002963.05,"Baixo Potencial",0,1788.66,535.12,24.51,326.29,88.94,1107.34,841.16,451.76,380000,"POINT(706408.4810527755 7002963.046470486)"
13649242,"2022-07-12","Lot. Jardim das hortencias","SAO JOAO","internet","Julio imoveis",NULL,"Dom_Geo_03",0,701116.07,6992518.84,"Baixo Potencial",0,1148.59,6567.18,2611.26,710.28,1,453.51,462.45,451.94,209000,"POINT(701116.0715120508 6992518.839364746)"
13710611,"2022-07-18","Rua Guilherme Regina Deichmann","GUARANI","internet","Primax","https://www.primaximoveis.com.br/imovel/terreno-no-bairro-guarani-brusque-venda-RS569000/15303","Dom_Geo_01",2,704219.99,7000722.08,"Baixo Potencial",0,1873.64,2273.45,211.55,197.48,1626.92,1622.69,1250,455.20,569000,"POINT(704219.9894408579 7000722.078046015)"
13750642,"2022-07-27","Rua Augusta Hort","DOM JOAQUIM","internet","Hoffmann","https://www.imobiliariahoffmann.com.br/imovel/422/terreno-em-brusque-no-bairro-dom-joaquim/","Dom_Geo_02",0,702008.54,6996370.47,"Baixo Potencial",0,1364.82,5742.31,391.46,10.15,442.94,1872.41,2632,455.93,1200000,"POINT(702008.5424580451 6996370.468102483)"
13647399,"2022-07-12","Rua 100 - Lot. Guilherme Bruns","DOM JOAQUIM","internet","Julio imoveis",NULL,"Dom_Geo_03",0,702406.85,6995202.54,"Baixo Potencial",0,1457.76,5275.46,766.62,17.06,1207.55,733.17,426.52,466.57,199000,"POINT(702406.8461628924 6995202.538581982)"
13724497,"2022-07-22","Rua Jose Beuting","AZAMBUJA","internet","Jose Luis Ambrosi","https://www.joseluisambrosi.com.br/detalhes_imovel/2025/terreno-pronto-para-edificacao-predial---Otima-oportunidade-de","Dom_Geo_03",3,706882.96,6996604.86,"Baixo Potencial",0,1310.17,1334.12,13.54,90.27,2136.31,134.51,1264.8,474.38,600000,"POINT(706882.9614213357 6996604.862295736)"
13697840,"2022-07-15","Rua Padre Antonio Eising","AZAMBUJA","internet","Zucco","https://www.imobiliariazucco.com.br/imovel/terreno-a-venda-399-m-por-190000-azambuja-brusque-sc/TE0165-ZUCC?from=sale","Dom_Geo_03",3,706385.60,6997301.44,"Baixo Potencial",0,1289.12,1575.23,13.79,183.41,1738.62,645.60,399,476.19,190000,"POINT(706385.6047053874 6997301.444452242)"
13697405,"2022-07-14","Rua Girassol","SOUZA CRUZ","internet","Amo imoveis",NULL,"Dom_Geo_03",3,704469.20,6996702.29,"Baixo Potencial",0,1243.8,3437.81,804.07,1,1942.85,927.24,564.73,478.10,270000,"POINT(704469.2016670933 6996702.293699155)"
13647413,"2022-07-12","Lot. Florence","VOLTA GRANDE","internet","planifik",NULL,"Dom_Geo_01",1,709694.85,7009841.81,"Baixo Potencial",0,1197.05,274.43,2900.31,985.91,1,3114.47,260,480.77,125000,"POINT(709694.8506226644 7009841.80786572)"
13750682,"2022-07-27","Dep. Gentil Batista Archer","ZANTAO","internet","WD","https://www.wdinvestimentos.com.br/imovel/terrenos-no-bairro-zantao-brusque-venda-RS2500000/1143","Dom_Geo_03",3,707534.77,6993808.54,"Baixo Potencial",0,1208.52,36.37,1815.48,296.76,1321.45,1328.58,5163.4,484.18,2500000,"POINT(707534.7695757246 6993808.544235226)"
13697833,"2022-07-15","Lot. Prospero Cadore","LIMEIRA BAIXA","internet","Zucco","https://www.imobiliariazucco.com.br/imovel/terreno-a-venda-390-m-por-190000-limeira-baixa-brusque-sc/TE0209-ZUCC?from=sale","Dom_Geo_03",4,712137.15,7002571.50,"Baixo Potencial",0,1220.63,2518.50,2675.73,1,2628.48,756.25,390,487.18,190000,"POINT(712137.1519254036 7002571.497345741)"
13730975,"2022-07-25","Rua Ivan Carlos Kohler","SAO JOAO","internet","ARG","http://www.imoveisdebrusque.com.br/imovel/71956/excelente-terreno-para-casa-geminada/","Dom_Geo_03",0,701957.72,6992640.10,"Baixo Potencial",0,1106.92,5719.16,2974.97,241.15,394.72,387.81,243.75,492.31,120000,"POINT(701957.7172277204 6992640.103408741)"
13750660,"2022-07-27","Rua Botuvera","DOM JOAQUIM","internet","Hoffmann","https://www.imobiliariahoffmann.com.br/imovel/250/terreno-em-brusque-no-bairro-dom-joaquim/","Dom_Geo_02",0,701192.72,6995829.60,"Baixo Potencial",0,1403.55,6610.14,17.74,268.81,1397.08,1527.41,1318,493.17,650000,"POINT(701192.7180681601 6995829.600127257)"
13731839,"2022-07-25","Rua Ludovico marico","DOM JOAQUIM","internet","HAGA","https://hagaimoveis.com.br/imovel/terreno-a-venda-no-bairro-dom-joaquim-em-brusque-sc/1918","Dom_Geo_03",0,702363.67,6995302.30,"Baixo Potencial",0,1462.51,5341.33,662.33,47.21,1111.51,818.87,4724.5,493.60,2332000,"POINT(702363.6688255896 6995302.301881181)"
13697834,"2022-07-15","Lot. Jardim das hortencias",NULL,"internet","Zucco","https://www.imobiliariazucco.com.br/imovel/terreno-localizado-loteamento-jardim-das-hortensias/TE0171-ZUCC?from=sale",NULL,0,700973.50,6992412.52,"Baixo Potencial",0,1154.94,6729.34,2650.14,887.40,1,562.95,403,496.28,200000,"POINT(700973.4989663578 6992412.5225852225)"
13697429,"2022-07-14","Bateas - Lot. recanto do sol","BATEAS","internet","Amo imoveis",NULL,"Dom_Geo_01",1,707811.51,7005227.02,"Baixo Potencial",0,1141.98,1085.24,1367.51,1,1867.08,990.37,338,502.66,169900,"POINT(707811.5098192682 7005227.022612177)"
13710591,"2022-07-18","Lot. Cristina Klabunde","AGUAS CLARAS","internet","GOLDINVEST","https://www.goldinvestimoveis.com.br/detalhes_imovel/1476/terreno-no-bairro-aguas-claras-brusque-venda-RS229000","Dom_Geo_03",3,708392.80,6994944.76,"Baixo Potencial",0,1243.82,255.06,1006.33,553.70,1,408.30,453.99,504.42,229000,"POINT(708392.798489376 6994944.761458829)"
13697787,"2022-07-15","Rua Lideranca","LIMEIRA BAIXA","internet","Zucco","https://www.imobiliariazucco.com.br/imovel/terreno-de-277-m-limeira-brusque-a-venda-por-140000/TE0255-ZUCC?from=sale","Dom_Geo_03",4,712989.10,7001691.05,"Baixo Potencial",0,1188.64,3731.00,3873.92,1,3598.41,1629.84,277,505.42,140000,"POINT(712989.0995351765 7001691.049606683)"
13666021,"2022-07-12","Rua Liderança","LIMEIRA BAIXA","internet","planifik",NULL,"Dom_Geo_03",4,713000.86,7001690.82,"Baixo Potencial",0,1188.64,3740.29,3883.60,1,3601.27,1641.60,262.68,513.93,135000,"POINT(713000.8603668797 7001690.816830457)"
13750636,"2022-07-27","Lot. Santo Anjo da Guarda","TOMAZ COELHO","internet","Hoffmann","https://www.imobiliariahoffmann.com.br/imovel/25/terreno-em-brusque-no-bairro-tomaz-coelho/","Dom_Geo_03",0,702710.17,6993897.93,"Baixo Potencial",0,1222.45,4824.59,2104.21,1,1638.35,698.50,345,521.74,180000,"POINT(702710.1692059719 6993897.928046011)"
13710598,"2022-07-18","Rua Valdir Zorrer","STEFFEN","internet","GOLDINVEST","https://www.goldinvestimoveis.com.br/detalhes_imovel/3154/terreno-no-bairro-steffen-brusque-venda-RS259000","Dom_Geo_01",2,707004.56,7003432.62,"Baixo Potencial",0,1453.32,471.43,198.00,161.31,841.94,1167.14,494.25,524.03,259000,"POINT(707004.5560927399 7003432.618936259)"
13697841,"2022-07-15","Rua Valdir Zorrer","STEFFEN","internet","Zucco","https://www.imobiliariazucco.com.br/imovel/terreno-de-494-m-steffen-brusque-a-venda-por-259500/TE0183-ZUCC?from=sale","Dom_Geo_01",2,707019.85,7003432.03,"Baixo Potencial",0,1453.32,465.04,197.92,162.30,853.25,1180.20,494,525.30,259500,"POINT(707019.8479574258 7003432.034337711)"
13701916,"2022-07-18","Rua Itajai","LIMOEIRO","internet","GOLDINVEST","https://www.goldinvestimoveis.com.br/detalhes_imovel/3873/terreno-no-bairro-limoeiro-brusque-venda-RS380000","Dom_Geo_02",1,711433.48,7007379.29,"Baixo Potencial",0,1313.96,227.26,12.50,468.32,1853.09,989.64,716.6,530.28,380000,"POINT(711433.4797755214 7007379.289085749)"
13677205,"2022-07-12","Rua Alice de Oliveira","PRIMEIRO DE MAIO","internet","planifik",NULL,"Dom_Geo_03",3,709006.50,6996770.69,"Baixo Potencial",0,1258.73,755.53,1195.87,1,1786.87,1765.52,350.85,536.50,188232,"POINT(709006.5024700953 6996770.685757287)"
13679002,"2022-07-13","Cond. Reserva Club","AZAMBUJA","internet","Julio imoveis",NULL,"Dom_Geo_03",3,706023.04,6997222.65,"Baixo Potencial",0,1285.24,1882.23,271.94,1,1703.03,880.90,1890,536.70,1014360,"POINT(706023.0408642367 6997222.649619143)"
13697439,"2022-07-14","Lot. Jardim das hortencias","SAO JOAO","internet","Amo imoveis",NULL,"Dom_Geo_03",0,701230.27,6992546.87,"Baixo Potencial",0,1143.22,6449.64,2637.85,598.91,1,422.97,372,548.39,204000,"POINT(701230.2652910725 6992546.872906363)"
13698020,"2022-07-18","Lot. Jardim das hortencias","SAO JOAO","internet","GOLDINVEST","https://www.goldinvestimoveis.com.br/detalhes_imovel/2505/terreno-no-bairro-sao-joao-brusque-venda-RS179000","Dom_Geo_03",0,701195.75,6992625.85,"Baixo Potencial",0,1145.43,6467.36,2551.92,589.13,1,344.77,323.07,554.06,179000,"POINT(701195.7493882119 6992625.851327034)"
13730999,"2022-07-25","Rua Primeiro de Agosto","GUARANI","internet","Teresinho Baron","https://www.teresinhabaron.com.br/venda/1197/Terreno-Bairro-Guarani","Dom_Geo_01",2,704152.25,7000459.37,"Baixo Potencial",0,1884.67,2352.59,476.13,1,1595.26,1818.97,540,555.56,300000,"POINT(704152.2480985618 7000459.368698802)"
13647306,"2022-07-12","Rua GU-024","GUARANI","internet","Julio imoveis",NULL,"Dom_Geo_01",2,703815.68,7000598.70,"Baixo Potencial",0,1691.41,2679.73,264.97,205.95,1913.65,2038.43,305,557.38,170000,"POINT(703815.6813749922 7000598.700834729)"
13698031,"2022-07-18","Lot. Sao Pedro","STEFFEN","internet","GOLDINVEST","https://www.goldinvestimoveis.com.br/detalhes_imovel/4327/terreno-no-bairro-sao-pedro-brusque-venda-RS215000","Dom_Geo_01",2,706886.76,7003650.62,"Baixo Potencial",0,1401.34,718.33,411.93,1,926.19,954.51,371.29,579.06,215000,"POINT(706886.7644618603 7003650.619988613)"
13735331,"2022-07-26","Rua Itajai","LIMOEIRO","internet","LB","http://www.lbimoveis.com/site/detalhes_imovel/399/terreno-grande-no-limoeiro-limoeiro--brusque-","Dom_Geo_02",1,711470.83,7007397.93,"Baixo Potencial",0,1312.23,219.10,18.93,483.38,1872.83,1031.18,1894.73,580.56,1100000,"POINT(711470.828587517 7007397.930845435)"
13647398,"2022-07-12","Lot. Jardim das hortencias","SAO JOAO","internet","Julio imoveis",NULL,"Dom_Geo_03",0,701167.64,6992497.14,"Baixo Potencial",0,1145.95,6521.41,2653.50,678.69,1,474.07,323.07,585.01,189000,"POINT(701167.6391600041 6992497.13993345)"
13735283,"2022-07-26","Rua Gustavo Imhof","SAO PEDRO","internet","Imovel WEB","https://www.imovelweb.com.br/propriedades/terreno-na-sao-pedro-proximo-do-centro-2965939485.html","Dom_Geo_01",2,704940.36,7003349.13,"Baixo Potencial",0,1150.12,1945.27,232.14,436.67,1163.69,407.83,800,587.50,470000,"POINT(704940.3611023005 7003349.125069715)"
13697437,"2022-07-14","Lot. Porto Rico","SAO PEDRO","internet","Moresco","https://imobiliariamoresco.com.br/imovel/3654/terreno-a-venda-sao-pedro--brusque-sc","Dom_Geo_01",2,706026.54,7002981.34,"Baixo Potencial",0,1737.02,817.88,404.14,1,128.26,978.33,983.77,589.57,580000,"POINT(706026.5428005455 7002981.337666872)"
13678998,"2022-07-13","Rua Lili Bruns","NOVA BRASILIA","internet","planifik",NULL,"Dom_Geo_03",2,708616.97,7002002.57,"Baixo Potencial",0,1339.37,285.60,794.77,286.15,905.80,1133.81,418.83,590.00,247109.7,"POINT(708616.9748325213 7002002.570352348)"
13647414,"2022-07-12","Residencial Lagoa Dourada","SOUZA CRUZ","internet","Julio imoveis",NULL,"Dom_Geo_03",3,704435.89,6996784.12,"Baixo Potencial",0,1244.01,3422.15,717.66,1,1906.41,863.98,454.36,594.24,270000,"POINT(704435.8875933689 6996784.116876818)"
13654644,"2022-07-12","Rua Adulcio Bottamelli - Lot. JD. Azaleia","PLANALTO","internet","Julio imoveis",NULL,"Dom_Geo_03",1,711332.60,7005246.49,"Baixo Potencial",0,1398.17,607.13,594.24,50.82,1,798.88,420,595.24,250000,"POINT(711332.6020764161 7005246.491133267)"
13697418,"2022-07-14","Rua Hercilio barni","SOUZA CRUZ","internet","Amo imoveis",NULL,"Dom_Geo_03",2,704831.97,6999050.08,"Baixo Potencial",0,1718,2058.00,90.54,14.43,233.69,1202.27,579.3,604.18,350000,"POINT(704831.9700526458 6999050.08463029)"
13724495,"2022-07-22","Rua Doutor ivo szpoganicz","SOUZA CRUZ","internet","Jose Luis Ambrosi","https://www.joseluisambrosi.com.br/detalhes_imovel/3116/amplo-terreno-no-loteamento-lagoa-dourada-pra-construir-a-casa-dos-sonhos-souza-cruz-brusque-o","Dom_Geo_03",3,704684.14,6996722.07,"Baixo Potencial",0,1250.41,3246.66,922.68,1,2156.87,857.02,950.29,605.08,575000,"POINT(704684.1397888908 6996722.073886408)"
13692222,"2022-07-14","Rua Rouxinol","RIO BRANCO","internet","Amo imoveis",NULL,"Dom_Geo_02",2,703496.64,6998507.44,"Baixo Potencial",0,1381.98,3499.07,1102.22,1,1510.09,1397.45,358,608.94,218000,"POINT(703496.6439141842 6998507.439248027)"
13750650,"2022-07-27","Rua Dj 025","DOM JOAQUIM","internet","Hoffmann","https://www.imobiliariahoffmann.com.br/imovel/915/terreno-em-brusque-no-bairro-dom-joaquim/","Dom_Geo_02",0,702375.44,6996932.73,"Baixo Potencial",0,1255.67,5185.07,626.56,24.41,15.89,2437.89,325,615.38,200000,"POINT(702375.4366328202 6996932.726905018)"
13731859,"2022-07-25","Rua Nelson Imhof","SOUZA CRUZ","internet","PRIMAX","https://www.cnzimoveis.com.br/imovel/172688/brusque-amplo--em-area-nobre--lindo","Dom_Geo_03",2,705261.98,6999009.67,"Baixo Potencial",0,1679.59,1691.35,519.52,131.78,1,1161.61,820,615.85,505000,"POINT(705261.9844179249 6999009.670480868)"
13647395,"2022-07-12","Lot. Jardim das hortencias","SAO JOAO","internet","Julio imoveis",NULL,"Dom_Geo_03",0,701193.57,6992558.72,"Baixo Potencial",0,1145.08,6483.06,2610.29,623.32,1,411.93,285.97,627.86,179550,"POINT(701193.5749940767 6992558.7225889275)"
13721449,"2002-07-20","RUA dj-055","DOM JOAQUIM","internet","William Imoveis","https://www.williamimoveis.com.br/detalhes_imovel/4670","Dom_Geo_03",0,702455.61,6994460.82,"Baixo Potencial",0,1362.06,5105.04,1508.82,10.41,1947.08,247.52,337.5,628.15,212000,"POINT(702455.6067698972 6994460.81869724)"
13677283,"2022-07-12","Rua João Batista Palma","PLANALTO","internet","planifik",NULL,"Dom_Geo_03",1,711459.72,7005421.90,"Baixo Potencial",0,1388.66,621.69,610.53,200.36,1,837.86,318,628.62,199900,"POINT(711459.7245398036 7005421.898795435)"
13647387,"2022-07-12","Lot. Jardim das hortencias","SAO JOAO","internet","Julio imoveis",NULL,"Dom_Geo_03",0,701177.12,6992517.71,"Baixo Potencial",0,1145.93,6507.75,2639.32,659.28,1,453.29,292.27,629.42,183960,"POINT(701177.1163817134 6992517.712469584)"
13647409,"2022-07-12","Lot. Jardim das hortencias","SAO JOAO","internet","Julio imoveis",NULL,"Dom_Geo_03",0,701131.40,6992545.37,"Baixo Potencial",0,1147.71,6546.65,2594.22,683.65,1,426.65,334.08,629.85,210420,"POINT(701131.4026614699 6992545.373203177)"
13647410,"2022-07-12","Lot. Jardim das hortencias",NULL,"internet","Julio imoveis",NULL,NULL,0,701143.70,6992585.88,"Baixo Potencial",0,1146.95,6526.34,2563.41,653.56,1,385.88,338,629.92,212914,"POINT(701143.6991770726 6992585.876168108)"
13647307,"2022-07-12","Lot. Jardim das hortencias","SAO JOAO","internet","Julio imoveis",NULL,"Dom_Geo_03",0,701184.06,6992535.76,"Baixo Potencial",0,1145.04,6497.15,2626.35,643.58,1,435.09,286,630.00,180180,"POINT(701184.0590949113 6992535.764886841)"
13647394,"2022-07-12","Lot. Jardim das hortencias","SAO JOAO","internet","Julio imoveis",NULL,"Dom_Geo_03",0,701203.90,6992585.71,"Baixo Potencial",0,1144.26,6467.42,2591.18,600.70,1,384.72,260,630.00,163800,"POINT(701203.8956803058 6992585.710164962)"
13647400,"2022-07-12","Lot. Jardim das hortencias",NULL,NULL,"Julio imoveis",NULL,NULL,0,701085.81,6992583.66,"Baixo Potencial",0,1149.57,6583.49,2539.74,706.52,1,389.38,390,630.00,245700,"POINT(701085.8119560375 6992583.65530514)"
13647411,"2022-07-12","Lot. Jardim das hortencias",NULL,"internet","Julio imoveis",NULL,NULL,0,701100.07,6992614.30,"Baixo Potencial",0,1149.8,6563.45,2518.53,680.94,1,358.42,386,630.00,243180,"POINT(701100.0653267028 6992614.302084399)"
13647408,"2022-07-12","Lot. Jardim das hortencias","SAO JOAO","internet","Julio imoveis",NULL,"Dom_Geo_03",0,701101.73,6992487.31,"Baixo Potencial",0,1148.66,6587.90,2633.45,739.04,1,485.34,325,630.00,204750,"POINT(701101.7250397786 6992487.314749591)"
13723821,"2002-07-20","Rua Jose jacinto cardeal","CEDRINHO","internet","William Imoveis","https://www.williamimoveis.com.br/detalhes_imovel/5220","Dom_Geo_03",3,705032.23,6994394.18,"Baixo Potencial",0,1187.54,2540.30,1842.75,26.22,3244.23,1626.47,616,633.12,390000,"POINT(705032.2294089142 6994394.1757294005)"
13697814,"2022-07-15","Cond. Reserva Club","AZAMBUJA","internet","Zucco","https://www.imobiliariazucco.com.br/imovel/terreno-a-venda-600-m-por-380000-azambuja-brusque-sc/TE0247-ZUCC?from=sale","Dom_Geo_03",3,706027.48,6997266.29,"Baixo Potencial",0,1285.57,1849.39,236.70,1,1661.30,868.52,600,633.33,380000,"POINT(706027.479374813 6997266.288183438)"
13724069,"2022-07-21","Cond. Xavier Imhof","SAO PEDRO","opinião","Jose Luis Ambrosi","https://www.joseluisambrosi.com.br/detalhes_imovel/760/terreno-com-vista-panoramica-para-o-centro-de-brusque-sao-pedro-brusque-terreno-com-vista","Dom_Geo_01",2,706173.27,7002787.59,"Baixo Potencial",0,1918.01,591.20,276.00,102.12,1,1061.78,600,633.33,380000,"POINT(706173.2708364372 7002787.58733864)"
13677641,"2022-07-13","Rua SC-008","SOUZA CRUZ","internet","Julio imoveis",NULL,"Dom_Geo_03",2,705289.12,6999012.81,"Baixo Potencial",0,1687.32,1666.20,545.40,135.19,1,1166.54,790.74,638.64,505000,"POINT(705289.1239258109 6999012.808980603)"
13721450,"2002-07-20","Rua Padre Antonio Eising","AZAMBUJA","internet","William Imoveis","https://www.williamimoveis.com.br/detalhes_imovel/4370","Dom_Geo_03",3,705961.88,6997650.56,"Baixo Potencial",0,1295.12,1669.41,10.89,66.89,1272.03,749.52,390,641.03,250000,"POINT(705961.8775452169 6997650.561253028)"
13697387,"2022-07-14","Lot. Jardim das hortencias","SAO JOAO","internet","Amo imoveis",NULL,"Dom_Geo_03",0,701143.92,6992452.33,"Baixo Potencial",0,1146.97,6554.34,2683.26,724.10,1,519.39,260,650.00,169000,"POINT(701143.9156786817 6992452.325839939)"
13724074,"2022-07-21","Rua Oswaldo Maffezzolli","JARDIM MALUCHE","internet","Jose Luis Ambrosi","https://www.joseluisambrosi.com.br/detalhes_imovel/2018/terreno-em-area-nobre---bairro-jardim-maluche-jardim-maluche-brusque-lindo-terreno-ideal-para-casa","Dom_Geo_02",2,704781.03,7000314.17,"Baixo Potencial",0,2224.85,1751.36,718.50,1,1192.21,1466.90,600,650.00,390000,"POINT(704781.0300261939 7000314.167205021)"
13724499,"2022-07-22","Rua Erico jeske","PRIMEIRO DE MAIO","internet","Jose Luis Ambrosi","https://www.joseluisambrosi.com.br/detalhes_imovel/2936/terreno-comercial-na-rua-joao-xxiii-primeiro-de-maio-brusque-terreno-comercial-na-rua-joao-xxiii","Dom_Geo_03",3,708560.77,6997096.80,"Baixo Potencial",0,1322.63,342.04,1205.97,452.39,1755.23,1331.24,736.8,651.47,480000,"POINT(708560.7682281896 6997096.804679522)"
13697411,"2022-07-14","Lot. Jardim das hortencias","SAO JOAO","internet","Amo imoveis",NULL,"Dom_Geo_03",0,701156.31,6992472.41,"Baixo Potencial",0,1146.89,6537.84,2670.68,702.23,1,499.05,260,653.85,170000,"POINT(701156.3076676492 6992472.405873243)"
13654645,"2022-07-12","Lot. San Genaro","PRIMEIRO DE MAIO","internet","Julio imoveis",NULL,"Dom_Geo_03",2,707779.77,6998801.74,"Baixo Potencial",0,1450.75,443.60,1517.53,337.72,1,1979.91,465,655.91,305000,"POINT(707779.7668833189 6998801.739530103)"
13724590,"2022-07-22","Rua Itajai","LIMOEIRO","internet","Jose Luis Ambrosi","https://www.joseluisambrosi.com.br/detalhes_imovel/239/terreno-comercial---ideal-para-galpao---troca-por-chacara-limoeiro-brusque-lindo-terreno-com-otima","Dom_Geo_02",1,711468.19,7007382.23,"Baixo Potencial",0,1313.06,208.31,20.26,467.85,1857.06,1020.69,3192.72,657.75,2100000,"POINT(711468.1897385408 7007382.225493444)"
13678999,"2022-07-13","Rua Bartolomeu Pruner","JARDIM MALUCHE","internet","Julio imoveis",NULL,"Dom_Geo_02",2,705252.29,7000706.60,"Baixo Potencial",0,2539.41,1241.13,187.24,1,1067.65,885.20,1030,660.19,680000,"POINT(705252.2892425458 7000706.601159332)"
13679008,"2022-07-13","Cond. Reserva Club","AZAMBUJA","internet","Julio imoveis",NULL,"Dom_Geo_03",3,706053.18,6997257.86,"Baixo Potencial",0,1285.63,1836.17,225.59,1,1675.20,895.54,1030,661.22,681055,"POINT(706053.1824499497 6997257.860464688)"
13647388,"2022-07-12","Rua Mil (1000) - Lot Valle Dos Cedros","SAO JOAO","internet","Julio imoveis",NULL,"Dom_Geo_03",0,702768.27,6993398.62,"Baixo Potencial",0,1121.87,4794.31,2605.56,1,1375.93,662.70,240.23,663.95,159500,"POINT(702768.267794813 6993398.615374702)"
13697425,"2022-07-14","Lot. Valle Dos Cedros","SAO JOAO","internet","Amo imoveis",NULL,"Dom_Geo_03",0,702772.87,6993375.51,"Baixo Potencial",0,1118.76,4792.21,2629.11,1,1368.72,658.05,240.23,663.95,159500,"POINT(702772.8669109361 6993375.511138662)"
13677642,"2022-07-13","Rua Guilherme Alberto Frederico Hoefelman","SOUZA CRUZ","internet","Julio imoveis",NULL,"Dom_Geo_03",2,704546.16,6998400.96,"Baixo Potencial",0,1466.15,2619.93,51.61,560.82,736.18,582.92,961,665.97,640000,"POINT(704546.1642530486 6998400.957936933)"
13735273,"2022-07-26","Lot. Ditmar Pavesi - Rua Alberto Mueller","LIMEIRA BAIXA","internet","Brusimoveis","https://www.brusimoveis.com.br/detalhes_imovel/136/terreno-no-bairro-santa-terezinha-brusque-venda-RS280000","Dom_Geo_03",4,712641.35,7002353.61,"Baixo Potencial",0,1209.25,3056.99,3220.36,1,2881.52,1261.11,420,666.67,280000,"POINT(712641.3529271849 7002353.610434786)"
13677321,"2022-07-13","Rua Ernesto Bonamente","SOUZA CRUZ","internet","Julio imoveis",NULL,"Dom_Geo_03",2,705053.77,6999092.00,"Baixo Potencial",0,1745.24,1838.71,298.70,55.97,22.07,1242.97,570,666.67,380000,"POINT(705053.7713403476 6999092.002945306)"
13723978,"2022-07-21","Rua Ivo silveira","BATEAS","internet","Jose Luis Ambrosi","https://www.joseluisambrosi.com.br/detalhes_imovel/500/terreno-100-plano-na-rodovia-ivo-silveira---aceita-veiculo-como-parte-do","Dom_Geo_01",1,709901.58,7007690.68,"Baixo Potencial",0,1255.38,22.84,1452.43,241.54,2099.98,1042.23,314,668.79,210000,"POINT(709901.5753661826 7007690.682566065)"
13697427,"2022-07-14","Rua Lagoa Dourada","SOUZA CRUZ","internet","Moresco","https://imobiliariamoresco.com.br/imovel/2279/terreno-a-venda-souza-cruz--brusque-sc","Dom_Geo_03",3,705041.24,6996819.79,"Baixo Potencial",0,1263.8,2897.94,1141.22,1,2102.32,754.17,448,669.64,300000,"POINT(705041.2391599354 6996819.793876567)"
13661170,"2022-07-12","Cond. Reserva Club","AZAMBUJA","internet","Julio imoveis",NULL,"Dom_Geo_03",3,705854.19,6997526.12,"Baixo Potencial",0,1292.47,1827.15,170.71,1,1375.06,640.42,488.27,675.86,330000,"POINT(705854.1936525743 6997526.123711782)"
13697386,"2022-07-14","Servidão Hoffmann","GUARANI","internet","Amo imoveis",NULL,"Dom_Geo_01",2,703261.97,7001306.26,"Baixo Potencial",0,1390.34,3270.56,146.30,637.49,2084.30,2389.71,1020,676.47,690000,"POINT(703261.9651103907 7001306.259628714)"
13677313,"2022-07-13","Loteamento Sao Pedro","SAO PEDRO","internet","planifik",NULL,"Dom_Geo_01",2,706583.45,7003612.80,"Baixo Potencial",0,1421.02,847.84,187.69,1,759.27,721.95,339.26,677.95,230000,"POINT(706583.4540625823 7003612.798514999)"
13677275,"2022-07-12","Rua Jorge Teixeira","PAQUETA","internet","planifik",NULL,"Dom_Geo_03",3,706084.65,6995298.89,"Baixo Potencial",0,1296.16,1861.82,514.96,1,2213.90,1536.09,280,678.57,190000,"POINT(706084.6456956526 6995298.889649374)"
13677323,"2022-07-13","Cond. Xavier Imhof","SAO PEDRO","internet","Julio imoveis",NULL,"Dom_Geo_01",2,706136.12,7002780.57,"Baixo Potencial",0,1912.52,621.23,313.46,64.87,1,1046.08,600,683.33,410000,"POINT(706136.1195844341 7002780.566182142)"
13700296,"2022-07-18","Cond. Xavier Imhof","SAO PEDRO","internet","GOLDINVEST","https://www.goldinvestimoveis.com.br/detalhes_imovel/1206/terreno-no-bairro-sao-pedro-brusque-venda-RS600000","Dom_Geo_01",2,706124.75,7002781.78,"Baixo Potencial",0,1912.52,632.02,323.92,53.52,1,1044.78,875,685.71,600000,"POINT(706124.752321963 7002781.780523436)"
13723963,"2022-07-21","Rua Augusto Klapoth","SANTA LUZIA","internet","Jorge Floriani","https://www.jorgefloriani.com.br/imovel/comprar/terreno/brusque/santa-luzia/2966","Dom_Geo_03",3,707938.78,6994466.30,"Baixo Potencial",0,1251.27,44.95,1448.33,9.51,552.73,670.99,319.3,689.01,220000,"POINT(707938.7806010578 6994466.300932409)"
13730996,"2022-07-25","Rua Ademar Botameli","PLANALTO","internet","M7","http://www.imoveisdebrusque.com.br/imovel/73784/terreno-bairro-jardim-azaleia/","Dom_Geo_03",1,710892.59,7005136.48,"Baixo Potencial",0,1400.42,257.62,392.58,40.51,102.07,587.90,260,692.31,180000,"POINT(710892.5919556585 7005136.4827104155)"
13735300,"2022-07-26","Rua Nilo Bianchini","CENTRO I","internet","Baron","https://imobiliariabaron.com.br/imovel/terreno-a-venda-no-centro-de-brusque-sc/277","Dom_Geo_02",2,706012.17,7001607.31,"Alto Potencial",1,2775.65,729.33,223.52,100.34,262.03,1,431.25,695.65,300000,"POINT(706012.1665238423 7001607.30870836)"
13750617,"2022-07-27","Rua Melchior Kohler","RIO BRANCO","internet","Hoffmann","https://www.imobiliariahoffmann.com.br/imovel/724/terreno-em-brusque-no-bairro-rio-branco/","Dom_Geo_02",2,704184.02,6998828.83,"Baixo Potencial",0,1575.26,2740.88,498.29,454.56,887.14,1122.41,1200,708.33,850000,"POINT(704184.021927689 6998828.829227523)"
13735314,"2022-07-26","Rua Hercilio barni","SOUZA CRUZ","internet","LB","http://www.lbimoveis.com/site/detalhes_imovel/484/terreno-no-bairro-souza-cruz--1112-m-souza-cruz-brusque-terreno-medindo-1112-m-sendo-28-de","Dom_Geo_02",2,704755.65,6998981.64,"Baixo Potencial",0,1688.72,2155.61,30.06,1,310.33,1134.25,1112,710.43,790000,"POINT(704755.6484096451 6998981.637016685)"
13701915,"2022-07-18","Res. Florence","VOLTA GRANDE","internet","GOLDINVEST","https://www.goldinvestimoveis.com.br/detalhes_imovel/4895/terreno-no-bairro-volta-grande-brusque-venda-RS185000","Dom_Geo_01",1,709722.79,7009842.97,"Baixo Potencial",0,1198.26,246.48,2883.80,988.34,1,3108.45,260,711.54,185000,"POINT(709722.7865958905 7009842.974556013)"
13677325,"2022-07-13","Rua Ereneu Dalmolini, 200","DOM JOAQUIM","internet","Julio imoveis",NULL,"Dom_Geo_03",0,702742.76,6995232.63,"Baixo Potencial",0,1429.03,4956.87,853.29,1,1202.20,915.61,632,712.03,450000,"POINT(702742.7641351487 6995232.634111783)"
13697848,"2022-07-15","Rua Pedro Cardeal","CEDRINHO","internet","Zucco","https://www.imobiliariazucco.com.br/imovel/terreno-de-385-m-cedrinho-brusque-a-venda-por-280000/TE0212-ZUCC?from=sale","Dom_Geo_03",3,704945.78,6994298.87,"Baixo Potencial",0,1174.75,2612.20,1970.79,47.26,3238.14,1499.66,385,727.27,280000,"POINT(704945.7797605157 6994298.866783895)"
13723820,"2002-07-20","Rua Clementina Sgrott","SAO PEDRO","internet","William Imoveis","https://www.williamimoveis.com.br/detalhes_imovel/4677","Dom_Geo_01",2,706226.88,7002117.95,"Baixo Potencial",0,2476.26,511.31,600.30,366.26,216.79,431.13,535.05,728.90,390000,"POINT(706226.8793407588 7002117.948794219)"
13647416,"2022-07-12","Lot. San Genaro","PRIMEIRO DE MAIO","internet","Julio imoveis",NULL,"Dom_Geo_03",2,707427.29,6998761.08,"Baixo Potencial",0,1421.36,163.25,1196.44,349.49,1,1874.52,465,731.18,340000,"POINT(707427.2850372359 6998761.08126622)"
13721431,"2002-07-20","Rua Porto Rico","SAO PEDRO","internet","William Imoveis","https://www.williamimoveis.com.br/detalhes_imovel/3765","Dom_Geo_01",2,706067.87,7002997.55,"Baixo Potencial",0,1730.49,794.22,365.71,1,126.01,998.20,259.83,731.25,190000,"POINT(706067.8693358916 7002997.547831998)"
13697398,"2022-07-14","Rua São Pedro","SAO PEDRO","internet","Amo imoveis",NULL,"Dom_Geo_01",2,704610.08,7003997.27,"Baixo Potencial",0,984.11,2560.98,16.70,352.09,772.21,607.69,957.21,731.29,700000,"POINT(704610.0822094287 7003997.274442617)"
13735282,"2022-07-26","Rua Helio Imhof","SAO PEDRO",NULL,"Baron","https://imobiliariabaron.com.br/imovel/terreno-a-venda-no-bairro-sao-pedro-em-brusque-sc/275","Dom_Geo_01",2,706205.07,7002689.49,"Baixo Potencial",0,2005.21,522.28,293.12,148.99,1,975.81,410,731.71,300000,"POINT(706205.0674948579 7002689.487096298)"
13697601,"2022-07-14","Rua Porto Rico","SAO PEDRO","internet","Moresco","https://imobiliariamoresco.com.br/imovel/3681/terreno-a-venda-sao-pedro--brusque-sc","Dom_Geo_01",2,706064.88,7002959.22,"Baixo Potencial",0,1760.22,773.81,363.79,1,90.44,1021.48,259.5,732.18,190000,"POINT(706064.8776892711 7002959.215488734)"
13724490,"2022-07-22","Servidão Hoffmann","GUARANI","internet","Jose Luis Ambrosi","https://www.joseluisambrosi.com.br/detalhes_imovel/2780/terreno-em-condominio-fechado-com-linda-vista---alto-padrao-guarani-brusque-terreno-em-condominio","Dom_Geo_01",2,703233.78,7001412.53,"Baixo Potencial",0,1366.64,3314.17,247.12,734.51,1986.62,2411.59,750,733.33,550000,"POINT(703233.7759090414 7001412.531786181)"
14320349,"2022-09-02","Rua Francisco Pruner Sobrinho","STEFFEN","internet","Sucesso","https://www.sucessoimoveis.com/imovel/2126/lote-a-venda-steffen--brusquesc","Dom_Geo_01",2,707041.35,7003280.82,"Baixo Potencial",0,1506.73,317.59,47.52,314.03,783.82,1045.64,337.5,740.74,250000,"POINT(707041.348767094 7003280.823878895)"
13677326,"2022-07-13","Cond. El Shaday","DOM JOAQUIM","internet","Julio imoveis",NULL,"Dom_Geo_03",0,702493.20,6995302.14,"Baixo Potencial",0,1454.83,5215.90,687.50,1,1105.49,855.42,595,756.30,450000,"POINT(702493.204508205 6995302.138030721)"
13647415,"2022-07-12","Rua DJ-012","DOM JOAQUIM","internet","Julio imoveis",NULL,"Dom_Geo_03",0,703137.05,6994877.37,"Baixo Potencial",0,1354.7,4492.12,1369.87,55.57,1662.05,1017.68,427.5,760.23,325000,"POINT(703137.0458238784 6994877.370552389)"
13697822,"2022-07-15","Lot. Sao Pedro","STEFFEN","internet","Zucco","https://www.imobiliariazucco.com.br/imovel/terreno-a-venda-300-m-por-230000-sao-pedro-brusque-sc/TE0126-ZUCC?from=sale","Dom_Geo_01",2,706820.92,7003603.40,"Baixo Potencial",0,1420.52,705.40,362.55,1,850.52,920.40,300,766.67,230000,"POINT(706820.9200841556 7003603.400572531)"
13697438,"2022-07-14","Cond. Reserva Club","AZAMBUJA","internet","Amo imoveis",NULL,"Dom_Geo_03",3,706066.38,6997315.75,"Baixo Potencial",0,1286.26,1787.37,174.13,1,1622.05,889.34,542.87,771.82,419000,"POINT(706066.3807860684 6997315.753155692)"
13750628,"2022-07-27","Rua Francisco Sassi - esquina","JARDIM MALUCHE","internet","Sucesso","https://www.sucessoimoveis.com/imovel/1884/terreno--jardim-maluche","Dom_Geo_02",2,704722.04,6999984.53,"Baixo Potencial",0,2120.05,1898.80,472.14,1,898.28,1774.22,1489,772.33,1150000,"POINT(704722.035494521 6999984.527563084)"
13750699,"2022-07-27","Rua Clementina Sgrott","SAO PEDRO","internet","Zap","https://www.zapimoveis.com.br/imovel/venda-terreno-lote-condominio-sao-luiz-brusque-sc-360m2-id-2571974899/","Dom_Geo_01",2,706221.54,7002091.98,"Baixo Potencial",0,2491.6,519.35,574.33,340.16,201.33,405.37,360,774.33,278760,"POINT(706221.5397978476 7002091.976671538)"
13697847,"2022-07-15","Cond. El Shaday","DOM JOAQUIM","internet","CHF","https://www.chfimoveis.com.br/imovel/terreno-no-bairro-dom-joaquim-brusque-venda-RS464000/2735","Dom_Geo_03",0,702458.53,6995254.07,"Baixo Potencial",0,1457.01,5237.53,725.29,1,1153.94,798.35,595,779.83,464000,"POINT(702458.5263516322 6995254.069867527)"
13661181,"2022-07-12","Lot. San Genaro","PRIMEIRO DE MAIO","internet","Julio imoveis",NULL,"Dom_Geo_03",2,707746.41,6998780.48,"Baixo Potencial",0,1447.38,408.53,1492.17,358.15,1,1950.61,476.18,787.52,375000,"POINT(707746.4134310916 6998780.476425027)"
13706238,"2022-07-18","Lot. Ditmar Pavesi","LIMEIRA BAIXA","internet","GOLDINVEST","https://www.goldinvestimoveis.com.br/detalhes_imovel/4896/terreno-no-bairro-limeira-baixa-brusque-venda-RS240000","Dom_Geo_03",4,712777.91,7002301.10,"Baixo Potencial",0,1206.19,3199.91,3363.85,1,2957.51,1399.01,304.75,787.53,240000,"POINT(712777.9100683922 7002301.103324733)"
13697809,"2022-07-15","Lot. Jardim das hortencias","SAO JOAO","internet","Zucco","https://www.imobiliariazucco.com.br/imovel/terreno-de-292-m-dom-joaquim-brusque-a-venda-por-230000/TE0261-ZUCC?from=sale","Dom_Geo_03",0,701155.98,6992641.81,"Baixo Potencial",0,1147.37,6503.25,2519.23,618.71,1,329.69,292,787.67,230000,"POINT(701155.9802436638 6992641.810316319)"
13697428,"2022-07-14","Cond. Reserva Club","AZAMBUJA","internet","Amo imoveis",NULL,"Dom_Geo_03",3,705930.08,6997416.04,"Baixo Potencial",0,1288.45,1828.65,203.56,1,1495.48,731.89,418.9,787.78,330000,"POINT(705930.0761196213 6997416.039625992)"
13661169,"2022-07-12","Cond. Reserva Club","AZAMBUJA","internet","Julio imoveis",NULL,"Dom_Geo_03",3,705893.44,6997515.39,"Baixo Potencial",0,1291.86,1800.48,150.37,1,1391.42,680.41,418.9,787.78,330000,"POINT(705893.4398387792 6997515.390934145)"
13723827,"2022-07-21","Rua Melchior Kohler","RIO BRANCO","internet","William Imoveis","https://www.williamimoveis.com.br/detalhes_imovel/3440","Dom_Geo_02",2,704183.63,6998812.74,"Baixo Potencial",0,1575.26,2747.42,495.34,454.22,889.36,1108.55,1200.77,791.16,950000,"POINT(704183.6338220608 6998812.736609777)"
13710580,"2022-07-18","Rua Bento Frnacisco Sgrott","PRIMEIRO DE MAIO","internet","GOLDINVEST","https://www.goldinvestimoveis.com.br/detalhes_imovel/4694/terreno-no-bairro-primeiro-de-maio-brusque-venda-RS370000","Dom_Geo_03",2,707407.20,6998789.60,"Baixo Potencial",0,1422.4,160.99,1168.18,330.45,1,1901.09,465,795.70,370000,"POINT(707407.1963013251 6998789.601484716)"
13750615,"2022-07-27","Rua beira Rio","DOM JOAQUIM","internet","Hoffmann","https://www.imobiliariahoffmann.com.br/imovel/913/terreno-em-brusque-no-bairro-dom-joaquim/","Dom_Geo_02",0,701565.59,6996287.80,"Baixo Potencial",0,1372.68,6179.93,361.58,400.55,893.54,1830.04,297,808.08,240000,"POINT(701565.5860302995 6996287.798596373)"
13723954,"2022-07-21","Rua Padre orlando maria Murphy","CENTRO I","internet","Jorge Floriani","https://www.jorgefloriani.com.br/imovel/comprar/terreno/brusque/centro/1684","Dom_Geo_02",2,705766.63,7001581.98,"Alto Potencial",1,2712.04,975.87,442.15,314.27,207.45,1,1158.8,819.81,950000,"POINT(705766.6348840517 7001581.975943172)"
13724569,"2022-07-22","Rua Melchior Kohler","RIO BRANCO","internet","Jose Luis Ambrosi","https://www.joseluisambrosi.com.br/detalhes_imovel/1552/terreno-comercial-e-residencial-no-rio-branco-rio-branco-brusque-Otimo-terreno-comercial-e","Dom_Geo_02",2,704184.28,6998822.10,"Baixo Potencial",0,1575.26,2743.21,496.64,454.78,887.61,1116.40,1200.77,824.47,990000,"POINT(704184.284172992 6998822.098874083)"
13697858,"2022-07-15","Cond. Reserva Club","AZAMBUJA","internet","Zucco","https://www.imobiliariazucco.com.br/imovel/terreno-de-420-m-azambuja-brusque-a-venda-por-349000/TE0102-ZUCC?from=sale","Dom_Geo_03",3,706009.71,6997243.59,"Baixo Potencial",0,1285.34,1877.81,265.42,1,1679.81,860.42,420,830.95,349000,"POINT(706009.7109410549 6997243.586052073)"
13710605,"2022-07-18","Lot. Solar dos ventos","SOUZA CRUZ","internet","PRIMAX","https://www.primaximoveis.com.br/imovel/terreno-no-bairro-souza-cruz-brusque-venda-RS250000/24199","Dom_Geo_03",3,704393.45,6997353.70,"Baixo Potencial",0,1269.02,3167.07,324.98,1,1706.51,452.07,300,833.33,250000,"POINT(704393.4472377321 6997353.702314282)"
13697786,"2022-07-15","Rua Arthur Erico Heining","STEFFEN","internet","Zucco","https://www.imobiliariazucco.com.br/imovel/terreno-de-508-m-steffen-brusque-a-venda-por-424000/TE0166-ZUCC?from=sale","Dom_Geo_01",2,707229.29,7003390.33,"Baixo Potencial",0,1431.1,329.31,163.27,217.04,988.86,1131.85,508,834.65,424000,"POINT(707229.2860743336 7003390.334033111)"
13723822,"2022-07-21","Cond. El Shaday","DOM JOAQUIM","internet","William Imoveis","https://www.williamimoveis.com.br/detalhes_imovel/4912","Dom_Geo_03",0,702496.89,6995282.87,"Baixo Potencial",0,1454.56,5207.47,707.03,1,1124.78,838.76,552.4,841.78,465000,"POINT(702496.8904359275 6995282.873073413)"
13700299,"2022-07-18","Rua Antonio Giraldi","LIMOEIRO","internet","GOLDINVEST","https://www.goldinvestimoveis.com.br/detalhes_imovel/5117/terreno-no-bairro--brusque-venda-RS380000","Dom_Geo_02",1,710184.71,7006485.83,"Baixo Potencial",0,1334.39,978.15,463.63,650.03,1204.13,1,450,844.44,380000,"POINT(710184.7140256321 7006485.832780686)"
13697677,"2022-07-14",NULL,"SAO LUIZ","opinião","Eduardo jonas imhof","CAI 010/2022","Dom_Geo_02",2,706572.27,7002944.26,"Alto Potencial",1,1790.04,428.79,139.21,489.84,216.00,973.11,3528,850.34,3000000,"POINT(706572.2744145137 7002944.258167159)"
13661178,"2022-07-12","Cond. Reserva Club","AZAMBUJA","internet","Julio imoveis",NULL,"Dom_Geo_03",3,705794.06,6997533.84,"Baixo Potencial",0,1294.31,1873.61,214.44,1,1360.68,579.88,412,851.19,350692,"POINT(705794.0592947623 6997533.840482142)"
13710555,"2022-07-18","Rua Libera Vasselai","PLANALTO","internet","GOLDINVEST","https://www.goldinvestimoveis.com.br/detalhes_imovel/2840/terreno-no-bairro-limoeiro-brusque-venda-RS320000","Dom_Geo_03",1,711143.34,7005511.40,"Baixo Potencial",0,1398.29,308.29,293.42,281.22,53.42,510.32,375,853.33,320000,"POINT(711143.3449413349 7005511.397223211)"
13697420,"2022-07-14","Cond. Reserva Club","AZAMBUJA","internet","Amo imoveis",NULL,"Dom_Geo_03",3,705940.54,6997481.60,"Baixo Potencial",0,1290.05,1781.39,146.00,1,1432.88,730.89,418.9,859.39,360000,"POINT(705940.5430628683 6997481.599643882)"
13677309,"2022-07-13","Cond. Reserva Club","AZAMBUJA","internet","Julio imoveis",NULL,"Dom_Geo_03",3,705793.02,6997491.68,"Baixo Potencial",0,1291.87,1897.20,240.03,1,1402.58,583.35,465,860.22,400000,"POINT(705793.023904272 6997491.679811821)"
13697813,"2022-07-15","Cond. Reserva Club","AZAMBUJA","internet","Zucco","https://www.imobiliariazucco.com.br/imovel/terreno-a-venda-403-m-por-350000-azambuja-brusque-sc/TE0246-ZUCC?from=sale","Dom_Geo_03",3,706051.24,6997295.99,"Baixo Potencial",0,1286.01,1811.84,198.82,1,1637.65,880.92,403,868.49,350000,"POINT(706051.2443880695 6997295.989498337)"
13700192,"2022-07-15","Rua Cii 009","CENTRO II","internet","GOLDINVEST","https://www.goldinvestimoveis.com.br/detalhes_imovel/42/terreno-no-bairro-centro-brusque-venda-RS1400000","Dom_Geo_02",2,707545.84,6999979.62,"Alto Potencial",1,1706.85,700.20,975.48,32.77,1,1881.10,1599.8,875.11,1400000,"POINT(707545.8446117592 6999979.615747878)"
13647417,"2022-07-12","Rua Jaco Bauer","JARDIM MALUCHE","internet","Julio imoveis",NULL,"Dom_Geo_02",2,704847.53,7000604.41,"Baixo Potencial",0,2300.77,1648.54,535.17,1,1308.77,1198.76,423,886.52,375000,"POINT(704847.5323487507 7000604.4109071605)"
13677319,"2022-07-13","Cond. Reserva Club","AZAMBUJA","internet","Julio imoveis",NULL,"Dom_Geo_03",3,705882.87,6997455.80,"Baixo Potencial",0,1289.91,1843.26,202.33,1,1448.70,677.77,450,892.26,401517,"POINT(705882.8654247745 6997455.799745914)"
13730997,"2022-07-25","Rua 938 ? Rua Pref. Adolfo Walendowsky","SAO LUIZ","internet","Teresinho Baron","https://www.teresinhabaron.com.br/venda/1338/Terreno-no-bairro-Sao-Luiz","Dom_Geo_02",2,706683.22,7002310.93,"Alto Potencial",1,2240.01,67.12,201.21,611.51,533.11,568.08,608.9,903.27,550000,"POINT(706683.2236538079 7002310.928218706)"
13697881,"2022-07-15","Rua Pedro Noldin","PRIMEIRO DE MAIO","internet","GOLDINVEST","https://www.goldinvestimoveis.com.br/detalhes_imovel/1811/terreno-no-bairro-primeiro-de-maio-brusque-venda-RS380000","Dom_Geo_03",2,707297.29,6999001.14,"Baixo Potencial",0,1450.55,68.39,998.50,289.37,108.58,2106.33,420,904.76,380000,"POINT(707297.2880876465 6999001.13658626)"
13677324,"2022-07-13","Cond. Reserva Club","AZAMBUJA","internet","Julio imoveis",NULL,"Dom_Geo_03",3,706086.00,6997294.49,"Baixo Potencial",0,1286.1,1787.19,176.43,1,1647.51,894.63,491.83,914.95,450000,"POINT(706086.0012794146 6997294.490751917)"
13723816,"2022-07-21","Rua São Leopoldo","SAO PEDRO","internet","William Imoveis","https://www.williamimoveis.com.br/detalhes_imovel/2793","Dom_Geo_01",2,705053.57,7002950.40,"Baixo Potencial",0,1356.94,1700.17,645.57,760.46,1047.97,731.32,655.32,915.58,600000,"POINT(705053.5650335887 7002950.398018101)"
13700292,"2022-07-18","Rua Heinrich Hoffmann","CENTRO II","internet","GOLDINVEST","https://www.goldinvestimoveis.com.br/detalhes_imovel/1957/terreno-no-bairro-centro-ii-brusque-venda-RS1300000","Dom_Geo_02",2,707153.90,7000347.52,"Alto Potencial",1,2015.77,241.55,446.14,436.95,289.07,1543.88,1415,918.73,1300000,"POINT(707153.9020656364 7000347.524078108)"
13697817,"2022-07-15","Lot. Porto Rico","SAO PEDRO","internet","Zucco","https://www.imobiliariazucco.com.br/imovel/terreno-de-638-m-sao-pedro-brusque-a-venda-por-590000/TE0230-ZUCC?from=sale","Dom_Geo_01",2,706065.39,7002973.31,"Baixo Potencial",0,1745.26,781.62,364.61,1,103.46,1012.38,638,924.76,590000,"POINT(706065.3930805924 7002973.309210953)"
13697412,"2022-07-14","Cond. Reserva Club","AZAMBUJA","internet","Amo imoveis",NULL,"Dom_Geo_03",3,705932.63,6997446.84,"Baixo Potencial",0,1288.95,1808.24,178.01,1,1465.61,728.34,403,942.93,380000,"POINT(705932.6252297817 6997446.835200578)"
13724488,"2022-07-22","Cond. Xavier Imhof","SAO PEDRO","internet","Jose Luis Ambrosi","https://www.joseluisambrosi.com.br/detalhes_imovel/1832/amplo-terreno-com-linda-vista-para-a-cidade-sao-pedro-brusque-condominio-horizontal-joao-xavier","Dom_Geo_01",2,706129.44,7002829.47,"Baixo Potencial",0,1879.99,649.72,306.80,58.88,1,1092.39,480,958.33,460000,"POINT(706129.4405134716 7002829.467276892)"
13710571,"2022-07-18","Lot. Independencia","SAO JOAO","internet","GOLDINVEST","https://www.goldinvestimoveis.com.br/detalhes_imovel/4886/terreno-no-bairro--brusque-venda-RS250000","Dom_Geo_03",0,701437.70,6992705.46,"Baixo Potencial",0,1135.47,6214.54,2608.04,338.51,1,259.85,260,961.54,250000,"POINT(701437.6968165644 6992705.4572497755)"
13723817,"2022-07-21","Rua Hugo Schlosser","JARDIM MALUCHE","internet","William Imoveis","https://www.williamimoveis.com.br/detalhes_imovel/3397","Dom_Geo_02",2,705457.71,7000818.86,"Baixo Potencial",0,2655.32,1039.42,29.60,1,930.79,706.61,1234,972.45,1200000,"POINT(705457.7095923224 7000818.863145867)"
13678995,"2022-07-13","Rua Henrich Hoffmann","CENTRO II","internet","Julio imoveis",NULL,"Dom_Geo_02",2,707164.35,7000349.77,"Alto Potencial",1,2005.88,246.00,450.02,434.68,283.79,1539.59,1320.88,984.19,1300000,"POINT(707164.3518823034 7000349.770185929)"
13677317,"2022-07-13","Rua Ivandro Bruns","NOVA BRASILIA","internet","Julio imoveis",NULL,"Dom_Geo_02",2,708368.66,7002028.31,"Baixo Potencial",0,1400.16,39.84,645.71,525.47,816.45,890.05,531.17,997.80,530000,"POINT(708368.6551764365 7002028.3147647325)"
13697602,"2022-07-14","Rua Nilo Bianchini","CENTRO I","internet","Moresco","https://imobiliariamoresco.com.br/imovel/3826/terreno-a-venda-centro--brusque-sc","Dom_Geo_02",2,706058.27,7001572.54,"Alto Potencial",1,2789.22,685.63,166.90,80.21,299.42,1,450,1000.00,450000,"POINT(706058.2697651485 7001572.544675141)"
13697413,"2022-07-14","Cond. Reserva Club","AZAMBUJA","internet","Amo imoveis",NULL,"Dom_Geo_03",3,705843.33,6997457.59,"Baixo Potencial",0,1290.38,1874.53,226.86,1,1441.68,638.56,450,1000.00,450000,"POINT(705843.3317189148 6997457.586660799)"
13730998,"2022-07-25","Rua Vicente Schaeffer","CENTRO I","internet","M7","http://www.imoveisdebrusque.com.br/imovel/74049/terreno-bairro-centro/","Dom_Geo_02",2,707151.64,7001193.23,"Alto Potencial",1,2325.55,254.86,144.14,792.56,1076.59,730.90,160,1000.00,160000,"POINT(707151.6448840939 7001193.231017243)"
13700381,"2022-07-18","Cond. El Shaday","DOM JOAQUIM","internet","GOLDINVEST","https://www.goldinvestimoveis.com.br/detalhes_imovel/5061/terreno-no-bairro-dom-joaquim-brusque-venda-RS600000","Dom_Geo_03",0,702470.46,6995252.22,"Baixo Potencial",0,1455.63,5225.50,729.81,1,1155.54,800.70,595,1008.40,600000,"POINT(702470.463150458 6995252.222299531)"
13697828,"2022-07-15","Cond. Reserva Club","AZAMBUJA","internet","Zucco","https://www.imobiliariazucco.com.br/imovel/terreno-a-venda-412-m-por-420000-azambuja-brusque-sc/TE0248-ZUCC?from=sale","Dom_Geo_03",3,706038.67,6997279.66,"Baixo Potencial",0,1285.77,1832.11,219.30,1,1650.69,874.39,412,1019.42,420000,"POINT(706038.6724686001 6997279.662048756)"
13697806,"2022-07-15","Rua Ci 001","CENTRO I","internet","Moresco","https://imobiliariamoresco.com.br/imovel/1560/terreno-a-venda-centro--brusque-sc","Dom_Geo_02",2,705911.79,7000870.89,"Alto Potencial",1,2783.31,590.18,81.59,256.37,924.25,653.39,818.8,1038.10,850000,"POINT(705911.7923822328 7000870.894051761)"
13724478,"2022-07-22","Rua Academica Razao e Virtude","SANTA TEREZINHA","internet","Jose Luis Ambrosi","https://www.joseluisambrosi.com.br/detalhes_imovel/2376/lindo-terreno-de-esquina-em-localizacao-privilegiada--santa-terezinha-brusque-o-local-ideal-para","Dom_Geo_02",1,709670.76,7004422.17,"Alto Potencial",1,1266.74,547.21,106.82,1,69.81,1057.25,380,1039.47,395000,"POINT(709670.7629987076 7004422.174514221)"
13697430,"2022-07-14","DJ 050","DOM JOAQUIM","internet","Amo imoveis",NULL,"Dom_Geo_02",0,702465.13,6996487.73,"Baixo Potencial",0,1329.29,5279.48,244.86,90.79,1,2004.73,1907,1048.77,2000000,"POINT(702465.1278025291 6996487.734886247)"
13723814,"2022-07-21","Rua Porto Rico","SAO PEDRO","internet","William Imoveis","https://www.williamimoveis.com.br/detalhes_imovel/5233","Dom_Geo_01",2,706028.80,7002905.31,"Baixo Potencial",0,1797.78,774.79,398.29,1,76.17,1033.38,500,1060.00,530000,"POINT(706028.7959560086 7002905.312306382)"
13710573,"2022-07-18","Rua Porto Rico","SAO PEDRO","internet","GOLDINVEST","https://www.goldinvestimoveis.com.br/detalhes_imovel/5040/terreno-no-bairro-sao-pedro-brusque-venda-RS530000","Dom_Geo_01",2,706059.83,7002864.13,"Baixo Potencial",0,1833.46,727.40,370.04,1,39.12,1084.59,500,1060.00,530000,"POINT(706059.8297181288 7002864.12899798)"
13731848,"2022-07-25","Rua Rosa Grotti Kormann","CENTRO II","internet","HAGA","https://hagaimoveis.com.br/imovel/terreno-a-venda-em-brusque-sc/445","Dom_Geo_02",2,708413.57,7001825.84,"Alto Potencial",1,1424.14,139.99,747.63,450.40,1023.10,929.00,448.05,1115.95,500000,"POINT(708413.5666394944 7001825.837804326)"
13735295,"2022-07-26","Rua Santos Dumont","SANTA TEREZINHA","internet","Baron","https://imobiliariabaron.com.br/imovel/terreno-comercial-a-venda-no-bairro-santa-terezinha-em-brusque-sc/341","Dom_Geo_02",4,709089.29,7003286.04,"Alto Potencial",1,1224.31,259.11,17.62,971.69,205.80,953.32,1965.76,1119.16,2200000,"POINT(709089.2919995418 7003286.036880249)"
13723831,"2022-07-21","Rua Elpidio da rocha","AGUAS CLARAS","internet","William Imoveis","https://www.williamimoveis.com.br/detalhes_imovel/3881","Dom_Geo_03",3,708162.72,6995014.75,"Baixo Potencial",0,1272.86,14.80,896.74,439.27,117.25,178.89,548,1122.26,615000,"POINT(708162.7230351322 6995014.7526010685)"
13724528,"2022-07-22","Rua Francisco Sassi","JARDIM MALUCHE","internet","Jose Luis Ambrosi","https://www.joseluisambrosi.com.br/detalhes_imovel/864/amplo-terreno-no-bairro-maluche---aceita-50-do-valor-em-permuta--jardim-maluche-brusque-amplo","Dom_Geo_02",2,704662.06,6999989.40,"Baixo Potencial",0,2098.66,1953.40,509.27,1,927.95,1802.02,534,1179.78,630000,"POINT(704662.0604703838 6999989.395040212)"
13731840,"2022-07-25","Rua Jorge Lacerda","JARDIM MALUCHE","internet","CNZ","https://www.cnzimoveis.com.br/imovel/157171/brusque-terreno-jardim-maluche--amplo--plano--lindo","Dom_Geo_02",2,705422.93,7000173.19,"Baixo Potencial",0,2387.31,1178.06,249.38,1,1018.14,1345.59,650.15,1199.72,780000,"POINT(705422.9271083637 7000173.189458683)"
13724520,"2022-07-22","Rua Augusto Klapoth","AGUAS CLARAS","internet","Jose Luis Ambrosi","https://www.joseluisambrosi.com.br/detalhes_imovel/2199/terreno-em-otima-localizacao-para-residencial-e-comercial-Aguas-claras-brusque-lindo-terreno-com","Dom_Geo_03",3,708154.89,6994969.87,"Baixo Potencial",0,1271.34,22.57,941.04,468.62,121.61,207.67,565,1219.47,689000,"POINT(708154.8890855743 6994969.868386943)"
13697381,"2022-07-14","Rua Primo Diegoli","SOUZA CRUZ","internet","Amo imoveis",NULL,"Dom_Geo_03",2,705162.23,6998935.01,"Baixo Potencial",0,1660.19,1814.98,437.54,56.10,1,1085.39,450,1222.22,550000,"POINT(705162.2267569161 6998935.010819702)"
13723810,"2002-07-20","Rua Ordem e Progresso","SANTA TEREZINHA","internet","William Imoveis","https://www.williamimoveis.com.br/detalhes_imovel/4768","Dom_Geo_02",1,709659.20,7004455.03,"Alto Potencial",1,1264.84,571.41,93.11,1,42.23,1049.00,333.41,1229.72,410000,"POINT(709659.1986132152 7004455.033857673)"
13731778,"2022-07-25","Rua Walfredo Maffezzolli","CENTRO I","internet","Teresinho Baron","https://www.teresinhabaron.com.br/venda/1491/Terreno-Centro","Dom_Geo_02",2,706482.32,7001767.30,"Alto Potencial",1,2659.01,283.24,251.87,38.73,469.58,383.48,585,1282.05,750000,"POINT(706482.3154188701 7001767.300046191)"
13724580,"2022-07-22","Rua Germano Albreth","STEFFEN","internet","Jose Luis Ambrosi","https://www.joseluisambrosi.com.br/detalhes_imovel/2024/terreno-de-esquina-para-construir-proximo-ao-centro-da-cidade-steffen-brusque-terreno-com-otima","Dom_Geo_01",2,707650.27,7003411.05,"Baixo Potencial",0,1334.16,156.01,230.15,518.03,638.36,960.92,1360,1323.53,1800000,"POINT(707650.270552346 7003411.049033975)"
13735338,"2022-07-26","Rua Maximiliano Furbringer","JARDIM MALUCHE","internet","LB","http://www.lbimoveis.com/site/detalhes_imovel/1219/terreno-maluche-jardim-maluche-brusque-lindo-terreno-pronto-pra-construir-com-agua-luz-cercado","Dom_Geo_02",2,704736.43,6999179.06,"Baixo Potencial",0,1777.93,2099.59,29.82,38.75,340.70,1331.77,831.25,1443.61,1200000,"POINT(704736.4344012628 6999179.062343447)"
13697599,"2022-07-14","Rua Vendelino Mafezzolli","SANTA TEREZINHA","internet","Moresco","https://imobiliariamoresco.com.br/imovel/1167/terreno-a-venda-santa-terezinha--brusque-sc","Dom_Geo_02",4,709416.70,7004035.66,"Alto Potencial",1,1242,443.92,30.15,270.36,471.37,847.28,4458.86,1457.77,6500000,"POINT(709416.697475374 7004035.655536585)"
13700379,"2022-07-18","Rua Vereador joao jorge kormann","CENTRO I","internet","GOLDINVEST","https://www.goldinvestimoveis.com.br/detalhes_imovel/4444/terreno-no-bairro-sao-pedro-brusque-venda-RS8000000","Dom_Geo_02",2,705944.91,7001751.47,"Alto Potencial",1,2695.25,803.43,361.30,101.03,115.70,21.52,5000,1600.00,8000000,"POINT(705944.9087414485 7001751.469453728)"
13692800,"2022-07-14","Rua Gustavo Halfpap","CENTRO II","internet","Amo imoveis",NULL,"Dom_Geo_02",2,707244.83,7000268.19,"Alto Potencial",1,1927.72,359.59,563.03,330.15,169.61,1606.50,450,1648.89,742000,"POINT(707244.8326222039 7000268.18652516)"
13735258,"2022-07-26","Rua Vitorio Demarche","SANTA RITA","internet","CNZ","https://www.cnzimoveis.com.br/imovel/155813/brusque-terreno-72660m%C2%B2--santa-rita","Dom_Geo_02",2,707890.68,7002553.92,"Alto Potencial",1,1458.61,610.53,45.90,361.52,472.45,653.97,726.6,1651.53,1200000,"POINT(707890.6825353447 7002553.917243072)"
13697597,"2022-07-14","Rua julio reinoldo","JARDIM MALUCHE","internet","Moresco","https://imobiliariamoresco.com.br/imovel/3825/terreno-a-venda-jardim-maluche--brusque-sc","Dom_Geo_02",2,704989.88,7000240.31,"Baixo Potencial",0,2301.81,1564.81,543.83,1,1084.62,1419.76,900,1666.67,1500000,"POINT(704989.8840583316 7000240.313653111)"
13723919,"2022-07-21","Rua Nereu ramos","JARDIM MALUCHE","internet","William Imoveis","https://www.williamimoveis.com.br/detalhes_imovel/3851","Dom_Geo_02",2,705460.90,6999907.26,"Baixo Potencial",0,2211,1237.32,18.45,1,752.69,1603.74,1034.5,1739.97,1800000,"POINT(705460.8965151244 6999907.259573521)"
13723932,"2022-07-21","Rua Sete de setembro","SANTA RITA","internet","Jorge Floriani","https://www.jorgefloriani.com.br/imovel/comprar/terreno/brusque/santa-rita/3098","Dom_Geo_02",2,707705.31,7002037.85,"Alto Potencial",1,1725.58,467.78,30.02,780.31,978.83,242.33,1408,1775.57,2500000,"POINT(707705.312364373 7002037.852404755)"
13724479,"2022-07-22","Rua Olibio Barbi","SANTA RITA","internet","Jose Luis Ambrosi","https://www.joseluisambrosi.com.br/detalhes_imovel/2695/terreno-plano-loteamento-no-bairro-santa-rita--santa-rita-brusque-excelente-terreno-no-loteamento","Dom_Geo_02",2,708328.42,7002941.11,"Alto Potencial",1,1265.91,401.35,87.35,207.13,1,1105.48,285,1859.65,530000,"POINT(708328.4233424342 7002941.112026801)"
13731850,"2022-07-25","Rua hercilio Luz","CENTRO I","internet","HAGA","https://www.cnzimoveis.com.br/imovel/19933/brusque-terreno-comercial-no-centro","Dom_Geo_02",2,706192.25,7000753.32,"Alto Potencial",1,2714.92,302.39,14.68,313.82,1129.33,787.20,250,2000.00,500000,"POINT(706192.2529304916 7000753.321462709)"
14320348,"2022-09-02","Rua Sete de setembro","SANTA RITA","internet","Sucesso","https://www.sucessoimoveis.com/imovel/2160/terreno-na-geral--santa-rita","Dom_Geo_02",2,707692.39,7002231.02,"Alto Potencial",1,1674.99,621.91,20.07,666.66,837.13,328.56,1000,2000.00,2000000,"POINT(707692.392233238 7002231.022442346)"
13679000,"2022-07-13","Esquina da Rua joão Knhis com a Rua Nereu Ramos","JARDIM MALUCHE","internet","Julio imoveis",NULL,"Dom_Geo_02",2,705234.34,6999954.80,"Baixo Potencial",0,2234.41,1442.82,171.64,1,797.49,1599.04,386.5,2069.86,800000,"POINT(705234.3391735002 6999954.802753134)"
13697869,"2022-07-15","Dom Joaquim","SOUZA CRUZ","internet","CHF","https://www.chfimoveis.com.br/imovel/terreno-no-bairro-souza-cruz-brusque-venda-RS2500000/2837","Dom_Geo_02",2,705572.43,6999886.91,"Baixo Potencial",0,2192.93,1129.78,32.64,40.57,733.69,1614.55,1140,2192.98,2500000,"POINT(705572.4280263346 6999886.911684861)"
13724570,"2022-07-22","Rua Gustavo Schlosser","CENTRO II","internet","Jose Luis Ambrosi","https://www.joseluisambrosi.com.br/detalhes_imovel/2353/terreno-comercial-no-centro-de-brusque-centro-ii-brusque-terreno-em-uma-das-regioes-mais","Dom_Geo_02",2,706483.05,7000464.04,"Alto Potencial",1,2421.34,101.03,10.72,380.67,927.20,1143.58,950,2263.16,2150000,"POINT(706483.0469132967 7000464.043174854)"
14320309,"2022-09-02","Rua Tiradentes","CENTRO II","internet","Julio imoveis","https://www.julioimoveis.com.br/site/imovel/9223/nao-enxergue-como-e-veja-o-que-pode-se-tornar-terreno-a-venda-terreno-pare-e-pense-se-voce-simplesmente-olhar-para","Dom_Geo_02",2,706482.14,7000192.58,"Alto Potencial",1,2225.87,189.92,91.02,319.68,869.68,1404.45,2071,2317.72,4800000,"POINT(706482.1369266845 7000192.584695032)"
13724516,"2022-07-22","Rua Maria Raulino Coelho","SANTA RITA","internet","Jose Luis Ambrosi","https://www.joseluisambrosi.com.br/detalhes_imovel/2694/lindo-terreno-santa-rita-local-privilegiado-santa-rita-brusque-lindo-terreno-bairro-santa-rita","Dom_Geo_02",2,708241.06,7002903.64,"Alto Potencial",1,1287.4,460.69,126.67,162.94,1,1137.86,285,2421.05,690000,"POINT(708241.0619879502 7002903.635520873)"
13697610,"2022-07-14","Rua Manoel Tavares","CENTRO I","internet","Moresco","https://imobiliariamoresco.com.br/imovel/1390/terreno-a-venda-centro--brusque-sc","Dom_Geo_02",2,706037.38,7000957.88,"Alto Potencial",1,2816.95,474.03,133.06,409.09,886.49,565.04,1125,2488.89,2800000,"POINT(706037.3757295376 7000957.877849732)"
13724592,"2022-07-22","Rua Carlos Graf","JARDIM MALUCHE","internet","Jose Luis Ambrosi","https://www.joseluisambrosi.com.br/detalhes_imovel/2352/excelente-terreno-comercial---frente-para-2-ruas-jardim-maluche-brusque-terreno-em-otima","Dom_Geo_02",2,706021.52,7000251.98,"Baixo Potencial",0,2417.39,607.96,20.48,1,1152.43,1270.84,900,3222.22,2900000,"POINT(706021.5176285019 7000251.979164126)"
13723948,"2022-07-21","Rua Vereador Guilherme Niebhur","CENTRO I","internet","Jorge Floriani","https://www.jorgefloriani.com.br/imovel/comprar/terreno/brusque/centro/2170","Dom_Geo_02",2,706626.31,7001450.48,"Alto Potencial",1,2692.09,152.71,63.53,207.69,735.04,500.74,1099.9,3273.02,3600000,"POINT(706626.3091784609 7001450.483823292)"
